{"3": {"12": {"1": 0.06477702309153975, "2": 0.1632303553365171, "4": 0.3711578399911523, "8": 0.6553873198240998, "16": 0.8666293537616727, "20": 0.891249302956462, "24": 0.9248180208235979, "28": 0.9392928676784038, "32": 0.9362566987931726}, "13": {"1": 0.04962492827381939, "2": 0.13336232687532903, "4": 0.32306196824312206, "8": 0.6052960285246372, "16": 0.8376214104756714, "20": 0.8659224374875427, "24": 0.9053140826195479, "28": 0.9227139368444681, "32": 0.9192101529359819}, "14": {"1": 0.03821096509555354, "2": 0.11146445499621331, "4": 0.28887867209464313, "8": 0.5706842533677817, "16": 0.8148711306512355, "20": 0.8451776406899096, "24": 0.8879326241955162, "28": 0.9072001251205806, "32": 0.9032366497784854}, "15": {"1": 0.02810308198817074, "2": 0.08967641942985355, "4": 0.2531106644965709, "8": 0.5299480842396618, "16": 0.7840785675883295, "20": 0.8166300921440123, "24": 0.8644978784888985, "28": 0.8861817879617212, "32": 0.8821316538199785}, "16": {"1": 0.020934359275293534, "2": 0.0727684505401179, "4": 0.22122335702925922, "8": 0.49273924070298664, "16": 0.7597611313074828, "20": 0.7944943371519448, "24": 0.8456607590585946, "28": 0.8691673440426586, "32": 0.8647181122034788}, "17": {"1": 0.015811443780432453, "2": 0.059590131134167314, "4": 0.1945210421271623, "8": 0.45656875044330947, "16": 0.7277472349002956, "20": 0.7640938780896366, "24": 0.8191901029445229, "28": 0.8452395246125758, "32": 0.8404084907531739}, "18": {"1": 0.012255202950537203, "2": 0.04967172456923873, "4": 0.17391936644613737, "8": 0.43038833306133745, "16": 0.709348846668005, "20": 0.7481995104908945, "24": 0.8066497260898352, "28": 0.8341404299318792, "32": 0.8290080538943407}, "19": {"1": 0.008580893285095226, "2": 0.03820587973692455, "4": 0.1450769056864083, "8": 0.38374882191717635, "16": 0.6617464369028807, "20": 0.7022918195512147, "24": 0.7650856578423644, "28": 0.7953004549206235, "32": 0.7896842889950613}}, "4": {"12": {"1": 0.032775331477541476, "2": 0.09086389290802181, "4": 0.23262399582266804, "8": 0.4812574882544576, "16": 0.7413381091952328, "20": 0.7968500541687011, "24": 0.8473151307374239, "28": 0.8507359305351974, "32": 0.885420301172137}, "13": {"1": 0.023509854187909518, "2": 0.07060415407679974, "4": 0.19588596378378573, "8": 0.4339774128362537, "16": 0.7020294886007904, "20": 0.7613619016524406, "24": 0.8163606122516096, "28": 0.8200607377003873, "32": 0.858812758997083}, "14": {"1": 0.015864284095773472, "2": 0.05215036165900527, "4": 0.15778905041702093, "8": 0.3794370446152986, "16": 0.6559317507855593, "20": 0.7210037689536809, "24": 0.7824137554362417, "28": 0.7863589631907639, "32": 0.8304266507968309}, "15": {"1": 0.011423642849293538, "2": 0.04068338183164598, "4": 0.13332999840676785, "8": 0.3402211478821934, "16": 0.6145514570772648, "20": 0.6814040419198573, "24": 0.7464035207651554, "28": 0.7502815621607007, "32": 0.7983716788791118}, "16": {"1": 0.00796550016559195, "2": 0.0306806461957749, "4": 0.10834537943638864, "8": 0.2967626026950776, "16": 0.5696778716944159, "20": 0.6404110933914782, "24": 0.7104234407478711, "28": 0.7146535558876814, "32": 0.7674228632008657}, "17": {"1": 0.005611394601734356, "2": 0.02375213706707582, "4": 0.09150709858108308, "8": 0.2678114515550436, "16": 0.5354701326599345, "20": 0.6067434792630373, "24": 0.6790554787195288, "28": 0.6836026527474168, "32": 0.7397562969621274}, "18": {"1": 0.0039768918436253456, "2": 0.018095098562771448, "4": 0.07587224757969381, "8": 0.23808367506247022, "16": 0.49953389390669756, "20": 0.5719711121394296, "24": 0.646486347782798, "28": 0.6509736392703841, "32": 0.7097808598495091}, "19": {"1": 0.0027841062129708, "2": 0.013885009271302259, "4": 0.06270974660515785, "8": 0.2085639123661444, "16": 0.4582068247134796, "20": 0.5302826445581392, "24": 0.6062409817390143, "28": 0.6107506604513152, "32": 0.6718687717286872}}, "5": {"12": {"1": 0.02020858459239825, "2": 0.05838122916687281, "4": 0.16175115835219625, "8": 0.37274723209738736, "16": 0.6396742784723637, "20": 0.7042525903336705, "24": 0.7679297835893927, "28": 0.8047054332524538, "32": 0.8151988486930729}, "13": {"1": 0.013209234294481575, "2": 0.04137524409778416, "4": 0.12505571449939165, "8": 0.3151675878144802, "16": 0.5799739377997817, "20": 0.6472457023450465, "24": 0.7124219895730726, "28": 0.7536816009543835, "32": 0.7640540385019032}, "14": {"1": 0.009443542112899016, "2": 0.03203349459674209, "4": 0.10375132129285486, "8": 0.275549687153846, "16": 0.5353850548438728, "20": 0.604334683122486, "24": 0.6713396736541761, "28": 0.7156205060530919, "32": 0.7262015358324628}, "15": {"1": 0.006304115540592466, "2": 0.023310952413314948, "4": 0.08221216861810535, "8": 0.23644350788844748, "16": 0.48782101987861104, "20": 0.5578860020063817, "24": 0.6257357336638495, "28": 0.6724715225557913, "32": 0.6829393278184929}, "16": {"1": 0.004239427286665885, "2": 0.01700038490802981, "4": 0.06503516903016716, "8": 0.19999945591101428, "16": 0.436142697663908, "20": 0.5064343446464743, "24": 0.5761586442962288, "28": 0.6253621231845115, "32": 0.6358435252722585}, "17": {"1": 0.002684497123083565, "2": 0.011894793177396055, "4": 0.050441446051397366, "8": 0.16941340697205162, "16": 0.39848639542385944, "20": 0.4704875584088266, "24": 0.5417719946400495, "28": 0.5943235815845895, "32": 0.60483274450351}, "18": {"1": 0.001786035744950641, "2": 0.00860628090016544, "4": 0.03984921929864212, "8": 0.1442511869315524, "16": 0.3577369449873455, "20": 0.4276415158373305, "24": 0.49799625130202635, "28": 0.5520078613880091, "32": 0.5623046743682121}, "19": {"1": 0.0012326264753442955, "2": 0.006421550339146052, "4": 0.03201085000706372, "8": 0.1254703889283264, "16": 0.3292892169252038, "20": 0.3973890875817742, "24": 0.4654000540249748, "28": 0.5189558840862591, "32": 0.5288250631012925}}, "6": {"12": {"1": 0.014401338184811175, "2": 0.04209120291993021, "4": 0.12169005831703544, "8": 0.29949868906129373, "16": 0.5526374052915721, "20": 0.6295451649136842, "24": 0.6867408995438368, "28": 0.728053128268756, "32": 0.715854631675221}, "13": {"1": 0.009492446194170044, "2": 0.030076725068408996, "4": 0.09430113713294269, "8": 0.24972531174188475, "16": 0.4929968378684482, "20": 0.569863848207891, "24": 0.6282019532392734, "28": 0.671105551341921, "32": 0.6584981415545567}, "14": {"1": 0.006213218118879013, "2": 0.021332891724957153, "4": 0.07215087023572997, "8": 0.20636985878465933, "16": 0.4337964196492918, "20": 0.5103327445002039, "24": 0.5708926446360885, "28": 0.6166595683816704, "32": 0.6029819879795426}, "15": {"1": 0.003927084028231911, "2": 0.014631265346868894, "4": 0.0540681729684584, "8": 0.16800461398484187, "16": 0.3795267589579801, "20": 0.4538017674088944, "24": 0.5138100432977546, "28": 0.5596333331937202, "32": 0.5459875997925875}, "16": {"1": 0.0025753974279970854, "2": 0.01046068330456037, "4": 0.04197186096574878, "8": 0.13999835848840886, "16": 0.33628438203218397, "20": 0.40884589198661286, "24": 0.4686498234897852, "28": 0.5155382719126297, "32": 0.5013490497692955}, "17": {"1": 0.0016557169720705133, "2": 0.007303625156043563, "4": 0.031938021620328085, "8": 0.11542454743301497, "16": 0.2963557767550184, "20": 0.36738738736797233, "24": 0.42773329401788646, "28": 0.4759021744184894, "32": 0.4610808502139}, "18": {"1": 0.001111878834012896, "2": 0.005311667387804481, "4": 0.02528164602881297, "8": 0.09842833955122622, "16": 0.2663950087300502, "20": 0.3337624358953617, "24": 0.3909102246475407, "28": 0.4366451171912603, "32": 0.42250804588976315}, "19": {"1": 0.0007132422389579008, "2": 0.0037226931972196313, "4": 0.019002686763124076, "8": 0.07882645886098036, "16": 0.2263603149229428, "20": 0.28858348425790903, "24": 0.343345726648427, "28": 0.3890525906588504, "32": 0.3747089966803149}}, "7": {"12": {"1": 0.011538610794581473, "2": 0.033266528145596386, "4": 0.09704468621667478, "8": 0.24856595563376319, "16": 0.48323239857663886, "20": 0.5595968657383695, "24": 0.582579991298262,