{"18": {"1": 0.6133331417659065, "2": 2.9832231338950805, "4": 13.105601823772304, "8": 45.41709149500821, "16": 104.4891469135182}}