{"12": {"1": 5.0591072521638125, "2": 14.629400984151289, "4": 39.71446693968028, "8": 89.51309802010655, "16": 153.8478786968626}}