{"14": {"1": 2.4746512722340412, "2": 8.406172028102446, "4": 26.94249868672341, "8": 70.13579730596393, "16": 135.45583251398057}}