{"14": {"1": 2.7526366562815383, "2": 9.10533308936283, "4": 28.191229680087417, "8": 72.88498733699089, "16": 136.19387817941606}}