{"13": {"1": 3.570686951978132, "2": 11.312982540694065, "4": 33.17665113520343, "8": 79.66237269947305, "16": 143.03987803310156}}