{"17": {"1": 0.8397380038077245, "2": 3.736910365347285, "4": 15.230089934397256, "8": 48.297199376364006, "16": 108.47973923173595}}