{"12": {"1": 4.579332470428199, "2": 13.282311881426722, "4": 36.195570796728134, "8": 81.2565682339482, "16": 145.6195307392627}}