{"14": {"1": 2.3108001320506446, "2": 7.922960612224415, "4": 26.03761381970253, "8": 72.04340154037345, "16": 140.43298531509936}}