{"20": {"1": 0.2813581097216229, "2": 1.6022913590131793, "4": 8.435556697389984, "8": 36.278902979123814, "16": 94.09579996054526}}