{"15": {"1": 1.6645061240415089, "2": 6.2477045230334625, "4": 21.43675055721542, "8": 58.93732199817896, "16": 119.86028759309556}}