{"16": {"1": 1.2184613316494506, "2": 4.865433007304091, "4": 17.81560257275123, "8": 51.97623459179886, "16": 112.37478465284221}}