{"12": {"1": 4.906412514159456, "2": 14.383090264163911, "4": 39.531987401191145, "8": 90.34021893236786, "16": 155.84539506491274}}