{"14": {"1": 2.422289914742578, "2": 8.45391707890667, "4": 27.18129014968872, "8": 69.10290814144537, "16": 134.55542186647654}}