{"15": {"1": 1.7009398902591784, "2": 6.2958790983539075, "4": 21.570203092414886, "8": 59.89971720118774, "16": 122.3228294106666}}