{"17": {"8": 13.889130587253021, "16": 39.5660699220025, "18": 45.76183142041555, "20": 52.21382368032937, "22": 47.13999380622408, "24": 55.6119313389263}}