{"17": {"8": 12.139639258704847, "16": 37.27011728513753, "18": 42.06121805793373, "20": 36.05892149399733, "22": 51.67529112001648, "24": 55.858915259479545}}