{"17": {"8": 14.905341546749696, "16": 41.40956674749032, "18": 47.855425177607685, "20": 54.531963699962944, "22": 49.58443332056049, "24": 58.12300453300122}}