{"13": {"8": 80.02112356573343, "16": 146.60151685401797, "18": 157.2126331552863, "20": 164.10568389296532, "22": 172.40734489634633, "24": 180.72741473838687}}