{"18": {"8": 6.370815959409811, "16": 20.409028723603114, "18": 23.82215641764924, "20": 16.214641500730067, "22": 30.815898191183805, "24": 34.1352729157079}}