{"19": {"8": 19.592725269205403, "16": 56.45697682045284, "18": 64.54522192303557, "20": 72.16922918887576, "22": 80.08157258445863, "24": 86.57695800589863}}