{"12": {"8": 163.74772964417934, "16": 216.82496374845505, "18": 221.23372462391853, "20": 224.90985667705536, "22": 229.33108669519424, "24": 231.45807978510857}}