{"20": {"1": 0.2733135729758942, "2": 1.521940739825368, "4": 7.566192690341268, "8": 30.0241176924319, "16": 83.21645820233971}}