{"18": {"8": 7.05543649836909, "16": 22.78409170806117, "18": 26.508793680390227, "20": 18.037160715961363, "22": 33.82298596234614, "24": 36.780558335449314}}