{"14": {"8": 23.758953964104876, "16": 60.38881466770545, "18": 68.27178295329213, "20": 50.30842899275012, "22": 82.66924941027537, "24": 87.56438223924488}}