{"12": {"1": 4.977556856581941, "2": 14.626511754933745, "4": 41.143120125867426, "8": 93.54330326151103, "16": 158.6536242440343}}