{"16": {"8": 11.824690812267363, "16": 34.142764639575034, "18": 39.52074149961118, "20": 27.737993024173193, "22": 50.55576568568358, "24": 55.77066638384713}}