{"17": {"8": 111.78275460749865, "16": 181.16335800290108, "18": 187.85346093773842, "20": 193.36858488619328, "22": 200.94101610779762, "24": 204.5914810448885}}