{"16": {"8": 123.51336263865232, "16": 190.11029858887196, "18": 196.33121241629124, "20": 201.28429725766182, "22": 208.4233763217926, "24": 211.80929784476757}}