{"19": {"8": 5.079158782522427, "16": 17.350831477175234, "18": 20.369021845632233, "20": 13.580386175776312, "22": 26.62374310498126, "24": 29.519195083063096}}