{"14": {"8": 137.59027657657862, "16": 200.5555519014597, "18": 206.0822596102953, "20": 210.82848462462425, "22": 216.96072656661272, "24": 219.89118899405003}}