{"15": {"8": 131.33154940605164, "16": 195.4320201203227, "18": 201.25141451507807, "20": 206.1740191206336, "22": 212.72393701970577, "24": 215.82703030109406}}