{"19": {"1": 0.053751898816699395, "2": 0.2585523615416605, "4": 1.2860101857804693, "8": 5.734681119065499, "16": 19.188596884290746}}