{"16": {"8": 46.33282252540812, "16": 100.78808587836102, "18": 110.91719883494079, "20": 117.56272950675339, "22": 125.70005436055362, "24": 134.67447574995458}}