{"13": {"8": 105.63849826902151, "16": 173.7263407483697, "18": 183.11802323162556, "20": 188.37653846293688, "22": 194.1220716610551, "24": 202.28881740570068}}