{"15": {"8": 62.09002439118922, "16": 125.84150770679116, "18": 136.67972705699503, "20": 143.66672718338668, "22": 152.04220962151885, "24": 160.50015795975924}}