{"15": {"8": 40.07977776136249, "16": 94.78744244389236, "18": 105.23209242615849, "20": 114.5380295123905, "22": 123.59301071241498, "24": 130.91268984228373}}