{"19": {"8": 55.47523602005094, "16": 118.60935362242162, "18": 129.54023559205234, "20": 136.01341827213764, "22": 144.0487689175643, "24": 155.17004997003824}}