{"17": {"8": 42.07966034300625, "16": 98.32729703187943, "18": 109.0432254448533, "20": 115.98437001742423, "22": 124.22590793855488, "24": 132.96073858067393}}