{"16": {"8": 73.06778410077095, "16": 141.5245077703148, "18": 152.32973821274936, "20": 158.55101436376572, "22": 165.85144765116274, "24": 176.0267680119723}}