{"13": {"8": 31.489176261471584, "16": 72.96053014684003, "18": 81.39617892168462, "20": 62.39457860519178, "22": 96.45107243512757, "24": 100.7994775249972}}