{"15": {"8": 24.68972324859351, "16": 63.25904229097068, "18": 71.58605497609824, "20": 79.58817469514906, "22": 72.87142244912684, "24": 83.71922579035163}}