{"14": {"8": 26.487728165229782, "16": 65.93397981597809, "18": 73.4883908678894, "20": 64.36918885802152, "22": 87.55064055672847, "24": 93.24454351339955}}