{"18": {"8": 8.623009162998642, "16": 27.4495349022327, "18": 31.165470505322446, "20": 26.511058864896768, "22": 38.72183980848058, "24": 41.92574690375477}}