{"17": {"8": 10.082503511977848, "16": 30.71236567175947, "18": 35.529585743221105, "20": 24.427856753231026, "22": 44.98533878359467, "24": 48.494304245803505}}