{"19": {"1": 0.3925944938600878, "2": 2.1235543793300167, "4": 10.473653451401333, "8": 39.56069528614171, "16": 96.906497931981}}