{"17": {"1": 0.8527606108400505, "2": 3.793961634451989, "4": 16.02491775274393, "8": 52.688717626966536, "16": 114.0782370059751}}