{"13": {"1": 3.426526058698073, "2": 10.684492363128811, "4": 31.878726803231984, "8": 79.72048681229353, "16": 141.93090473487973}}