{"12": {"8": 65.01407587900758, "16": 123.05284939706326, "18": 132.9465651679784, "20": 141.743317425251, "22": 148.6173231145367, "24": 147.75526278279722}}