{"19": {"1": 0.05302213713002857, "2": 0.2514927575393813, "4": 1.2540046151552815, "8": 5.54621590313036, "16": 18.824077669090002}}