{"19": {"1": 0.40819910758000333, "2": 2.1452787574962713, "4": 10.000938637065701, "8": 37.09615538455546, "16": 96.02388785802759}}