{"12": {"1": 1.442599116358906, "2": 4.141974127851427, "4": 12.431187809444964, "8": 33.734595911577344, "16": 74.97578659723513}}