{"16": {"8": 19.04074473795481, "16": 51.28723864350468, "18": 58.63136854255572, "20": 65.97853909782134, "22": 60.29451269307174, "24": 70.03123437892646}}