{"12": {"8": 52.635163243394345, "16": 106.7004610192962, "18": 116.366205483675, "20": 124.906467002118, "22": 117.76152554678265, "24": 129.81834442913532}}