{"12": {"8": 53.70299617131241, "16": 107.68555194383953, "18": 117.97662713943282, "20": 127.15269900346175, "22": 120.31578870629892, "24": 132.8790360307321}}