{"18": {"1": 0.0866853417319362, "2": 0.3794641958520515, "4": 1.750858188184793, "8": 7.425958240084583, "16": 24.339293536704645}}