{"14": {"8": 22.380126493633725, "16": 57.78543035988696, "18": 65.52601309795864, "20": 47.80954596225638, "22": 79.81467194762081, "24": 85.14939769916236}}