{"12": {"8": 45.23036612663418, "16": 94.03935985825956, "18": 103.96578625589609, "20": 92.29191401414573, "22": 120.43252961337566, "24": 126.36655940487981}}