{"14": {"8": 38.74002560507506, "16": 88.17642119014636, "18": 97.78330554999411, "20": 105.91641217470169, "22": 112.76324022794142, "24": 110.76747028250247}}