{"13": {"8": 30.419123628205853, "16": 71.68665441079065, "18": 80.54330131132156, "20": 60.75412501906976, "22": 96.34442431642674, "24": 101.28786156745628}}