{"14": {"8": 141.99872547388077, "16": 202.14972038567066, "18": 207.38664388656616, "20": 212.01135478913784, "22": 217.93557032942772, "24": 220.770353987813}}