{"16": {"8": 11.668705147865694, "16": 33.69002342643216, "18": 39.009930294239894, "20": 27.34226476366166, "22": 49.503123820526525, "24": 54.12678101216443}}