{"15": {"8": 59.227863715961576, "16": 122.8613767195493, "18": 133.7627855380997, "20": 140.79661716148257, "22": 149.21869199723005, "24": 157.76733903493732}}