{"12": {"1": 1.3739152189227752, "2": 3.85993693547789, "4": 11.39837374293711, "8": 32.05323531595059, "16": 70.89326459774747}}