{"18": {"8": 25.702619213610888, "16": 69.15440451772884, "18": 78.14675172325224, "20": 86.45296736108139, "22": 94.89131274074316, "24": 101.45641033025458}}