{"17": {"8": 9.56802867614897, "16": 29.243946804315783, "18": 33.76870966961724, "20": 23.37410561699653, "22": 42.40088422653207, "24": 45.72784628754016}}