{"12": {"8": 65.97677882551216, "16": 126.03055272623897, "18": 136.0199452266097, "20": 144.7622921857983, "22": 151.6846106853336, "24": 151.03674534149468}}