{"13": {"8": 29.77429400710389, "16": 69.68484976654872, "18": 78.53813147149049, "20": 59.17210813425481, "22": 94.49315363448113, "24": 100.24015854578465}}