{"14": {"8": 23.671177190262824, "16": 61.429901855124626, "18": 69.12930320960004, "20": 59.49337911303155, "22": 82.73067502328195, "24": 88.01691752765328}}