{"19": {"8": 20.48339806892909, "16": 59.27905496954918, "18": 67.58642265718663, "20": 74.85676026661531, "22": 82.97899237583624, "24": 88.5345468352898}}