{"18": {"8": 38.75850483030081, "16": 96.9105858206749, "18": 108.29972753860056, "20": 115.64425078965724, "22": 124.40340018458664, "24": 133.8461594246328}}