{"19": {"8": 31.723976171575487, "16": 83.2945589760784, "18": 93.71240843180567, "20": 100.34755271766335, "22": 108.29203732556198, "24": 116.81880774197634}}