{"19": {"8": 52.242936216294765, "16": 112.9124060748145, "18": 123.649992948398, "20": 129.96865552198142, "22": 137.67183483950794, "24": 148.48008672706783}}