{"17": {"8": 21.146342023741454, "16": 57.186029765056446, "18": 65.03726002573967, "20": 71.69700796797406, "22": 77.66001914592925, "24": 75.6457915250212}}