{"15": {"8": 132.14394921064377, "16": 195.3462953865528, "18": 201.01561138033867, "20": 205.872482329607, "22": 212.23129819333553, "24": 215.21494774520397}}