{"17": {"8": 42.54529974772595, "16": 100.91184294968843, "18": 112.18030347302556, "20": 119.49093097820878, "22": 128.21314595732838, "24": 136.90799643285573}}