{"15": {"1": 0.3442428522685077, "2": 1.2294411993934773, "4": 4.558415202132892, "8": 15.42797297949437, "16": 41.886043604215956}}