{"17": {"1": 0.13405674949171953, "2": 0.5435686108830851, "4": 2.306034737441223, "8": 8.952306976541877, "16": 26.92118495903128}}