{"19": {"8": 19.539087464101613, "16": 55.32007753010839, "18": 62.97397610871121, "20": 70.12124077416956, "22": 77.90127883898094, "24": 83.95048641320318}}