{"17": {"8": 22.68793715222273, "16": 61.01014590077102, "18": 69.35564982320648, "20": 76.07153338863282, "22": 82.71421751532762, "24": 80.06110720196739}}