{"17": {"8": 65.7488664034754, "16": 132.49537026323378, "18": 143.7721416912973, "20": 150.4469491969794, "22": 158.4697935730219, "24": 169.35744056478143}}