{"12": {"1": 1.4091607117443345, "2": 4.012022439041175, "4": 11.938481001416221, "8": 32.18971194792539, "16": 71.30645655130502}}