{"13": {"8": 82.32761690020561, "16": 151.9840279854834, "18": 162.80256666056812, "20": 169.58296904340386, "22": 177.34843135997653, "24": 185.20577294379473}}