{"17": {"8": 44.03963108966127, "16": 101.64179726038128, "18": 112.48381748981774, "20": 119.4636412486434, "22": 127.96099435724318, "24": 137.12997720390558}}