{"18": {"8": 25.010795523878187, "16": 68.73669869662262, "18": 77.74438842944801, "20": 85.8161508794874, "22": 94.45797905989457, "24": 101.11948817688972}}