{"13": {"1": 3.5638855246361345, "2": 11.140972224995494, "4": 32.03987939050421, "8": 78.4820176329813, "16": 144.7004782827571}}