{"18": {"8": 16.46079133078456, "16": 47.76438477030024, "18": 54.868701995757874, "20": 61.043605446844595, "22": 66.57211306015961, "24": 64.57581140709226}}