{"12": {"8": 162.43366299569607, "16": 214.59893414378166, "18": 219.0520305633545, "20": 222.87586504220963, "22": 227.69400107860565, "24": 230.00905007123947}}