{"18": {"8": 36.40398986916989, "16": 91.58975276350975, "18": 102.45016418583691, "20": 109.56738425977528, "22": 118.23037810623646, "24": 127.6342771332711}}