{"17": {"8": 44.16075125365751, "16": 100.73882018215954, "18": 111.38522306177765, "20": 118.2639800561592, "22": 126.73932325351052, "24": 135.76556438743137}}