{"19": {"8": 5.72442228088039, "16": 19.84432125618332, "18": 23.272774044511607, "20": 15.327386901481077, "22": 29.87643608007056, "24": 32.17346597358119}}