{"20": {"1": 0.03451655592107272, "2": 0.1758390095710638, "4": 0.9216569308628095, "8": 4.247505350926076, "16": 14.93771514367836}}