{"12": {"1": 5.08799988089595, "2": 14.422636041417718, "4": 39.40314077201765, "8": 90.01821485790424, "16": 152.83436466474086}}