{"13": {"1": 0.9062763701658696, "2": 2.748452360043302, "4": 8.618684187997133, "8": 25.61742187011987, "16": 60.161827080103535}}