{"15": {"8": 40.55497076222673, "16": 90.35642068460584, "18": 99.3370346808806, "20": 107.5440088454634, "22": 115.55216133754584, "24": 122.01368959108368}}