{"17": {"8": 43.05780676752329, "16": 100.07594136614352, "18": 111.01017677783966, "20": 118.04358584806323, "22": 126.4495493505965, "24": 135.10355781929684}}