{"13": {"1": 3.6379895857535303, "2": 11.596746052615345, "4": 33.92258937389124, "8": 81.10719767864794, "16": 143.8801030400209}}