{"13": {"8": 41.90893299598247, "16": 88.96981123648584, "18": 97.94410552666523, "20": 106.49302845529746, "22": 100.93772352591623, "24": 111.95021673350129}}