{"15": {"8": 134.95933087915182, "16": 198.30299070477486, "18": 204.07220602035522, "20": 209.13336043804884, "22": 215.6818796545267, "24": 218.75812539458275}}