{"13": {"8": 47.04179464653134, "16": 99.8950883038342, "18": 109.75625763274729, "20": 118.3910655179061, "22": 125.59661314357072, "24": 124.03732416592538}}