{"14": {"8": 94.05347606912255, "16": 163.83082766085863, "18": 173.83505278080702, "20": 179.6683895289898, "22": 186.30210134387016, "24": 195.5367749929428}}