{"12": {"8": 161.56393010914326, "16": 214.42552289366722, "18": 218.7974305599928, "20": 222.7206969410181, "22": 227.66029152274132, "24": 230.0140198469162}}