{"18": {"8": 58.49542138539255, "16": 122.23587633110583, "18": 133.15762842819095, "20": 139.5864764433354, "22": 147.35902898199856, "24": 158.0345875080675}}