{"19": {"1": 0.054725311703805346, "2": 0.24909271836077096, "4": 1.207792409157264, "8": 5.349187358735435, "16": 18.8531968541065}}