{"17": {"8": 9.253197139594704, "16": 28.143409062962746, "18": 32.55694807955297, "20": 22.45359461157932, "22": 41.24319169775117, "24": 44.694200795798224}}