{"15": {"1": 1.6312531734001823, "2": 5.975337938754819, "4": 20.611999817658216, "8": 59.05452300654724, "16": 125.29430680256337}}