{"16": {"8": 11.55400558654219, "16": 34.711197279335465, "18": 40.37556891015265, "20": 27.710129279992543, "22": 50.74359159753658, "24": 54.09989792946726}}