{"20": {"1": 0.2850211676923209, "2": 1.6269464589422569, "4": 8.430230372890946, "8": 34.803678406460676, "16": 92.14872316202673}}