{"17": {"1": 0.13199188193539158, "2": 0.544199633441167, "4": 2.306706188741373, "8": 8.829761783243157, "16": 26.742991597158834}}