{"17": {"8": 12.386246515670791, "16": 37.82592964137439, "18": 42.742441822076216, "20": 36.498396965442225, "22": 53.42879441007972, "24": 58.36314571183175}}