{"15": {"1": 0.3322762581228744, "2": 1.1735855539445765, "4": 4.359789594192989, "8": 14.61640867870301, "16": 37.81105358473724}}