{"18": {"8": 15.856642362632556, "16": 46.11561437800992, "18": 52.851073019439355, "20": 58.713225019630045, "22": 63.962630928785075, "24": 62.25009046331979}}