{"15": {"8": 16.167835847241804, "16": 45.72034852967772, "18": 52.41615627484862, "20": 37.139087569579715, "22": 64.77711483358871, "24": 69.19718322774861}}