{"12": {"1": 1.4360537506872788, "2": 4.03203742322512, "4": 12.09186279703863, "8": 33.119333188049495, "16": 73.41881542210467}}