{"12": {"8": 121.04640797525644, "16": 187.12272173166275, "18": 195.92130210995674, "20": 200.97216640412807, "22": 206.4072722941637, "24": 214.1907297372818}}