{"13": {"8": 29.856366922613233, "16": 71.1399743934162, "18": 79.79237828915939, "20": 60.568316573277116, "22": 95.35773054510355, "24": 100.3868855680339}}