{"19": {"8": 19.736928212922066, "16": 56.03440055297688, "18": 64.02137975092046, "20": 71.11554378963774, "22": 78.93677690182813, "24": 84.71212834957987}}