{"19": {"8": 13.662576237460598, "16": 41.36322025908157, "18": 47.78136127861217, "20": 53.51634395006113, "22": 57.875011634780094, "24": 56.73811681731604}}