{"18": {"8": 11.155337102594785, "16": 34.40628160943743, "18": 40.265440945586306, "20": 46.33181617477749, "22": 41.48690365438233, "24": 49.444281239411794}}