{"17": {"8": 10.469551387635875, "16": 31.490754684316926, "18": 36.30966565164272, "20": 25.3443402996636, "22": 45.74609593185596, "24": 48.84132877946831}}