{"18": {"8": 34.7053340729326, "16": 87.14161216071807, "18": 97.77291992726896, "20": 104.87025667517446, "22": 113.5458579484839, "24": 122.77201076433994}}