{"17": {"1": 0.7702504660410341, "2": 3.382737071835436, "4": 13.827149430289865, "8": 45.639344444090966, "16": 106.50907717412338}}