{"15": {"8": 56.948400996858254, "16": 117.06152922101319, "18": 127.95101110637188, "20": 134.91518373787403, "22": 143.29762367531657, "24": 152.22263300418854}}