{"12": {"1": 5.21867590455804, "2": 14.767757165944204, "4": 39.12354493374005, "8": 88.1116136573255, "16": 154.6819309205748}}