{"12": {"8": 71.3695119433105, "16": 133.74096565693617, "18": 143.6414519455284, "20": 152.34870320931077, "22": 159.6966694779694, "24": 166.22294289432466}}