{"19": {"8": 5.8376534114577225, "16": 20.68183334544301, "18": 23.721626215148717, "20": 19.702099713438656, "22": 29.947942434460856, "24": 32.601033301558346}}