{"17": {"8": 72.08782423660159, "16": 141.00625767186284, "18": 152.2625045888126, "20": 158.87400957010686, "22": 166.792508341372, "24": 177.59487705677748}}