{"17": {"1": 0.8955389599723276, "2": 3.9178668680833653, "4": 15.92349123544409, "8": 50.48434581694892, "16": 110.36267315386795}}