{"19": {"8": 96.45286660641432, "16": 167.6738008186221, "18": 175.07686727494, "20": 181.06460636854172, "22": 189.4899838268757, "24": 193.50248949229717}}