{"19": {"1": 0.36414806990796933, "2": 1.9337660744058667, "4": 9.268944052571896, "8": 35.87568169948645, "16": 92.07417293265462}}