{"17": {"8": 11.892904236359755, "16": 34.84341389340261, "18": 38.99179761513369, "20": 33.90560255845048, "22": 47.87603937787935, "24": 52.012570255901664}}