{"18": {"8": 58.77247887151316, "16": 125.02001368254423, "18": 136.30129231046885, "20": 143.0666490616277, "22": 151.4757682532072, "24": 162.63807934802026}}