{"15": {"8": 42.95064199343324, "16": 93.94719554390758, "18": 103.19910049205646, "20": 111.3958057477139, "22": 119.75800445280038, "24": 126.42526239773724}}