{"14": {"8": 98.59644385054708, "16": 166.4662657380104, "18": 176.06849817745388, "20": 181.61394001543522, "22": 188.04664634168148, "24": 196.80378483980894}}