{"18": {"8": 109.75031585991383, "16": 179.6432673484087, "18": 186.72856876254082, "20": 192.35568126291037, "22": 200.09407891333103, "24": 203.72532546520233}}