{"14": {"8": 48.002055113203824, "16": 102.61419932357967, "18": 112.20794274378568, "20": 121.00952249020338, "22": 128.9413679500576, "24": 135.80500647550798}}