{"12": {"8": 53.549196417443454, "16": 108.03545315237716, "18": 117.79006785899401, "20": 126.28189798723906, "22": 119.12263231817633, "24": 130.90602727420628}}