{"13": {"1": 3.6146603176603094, "2": 11.612026842543855, "4": 34.136544382199645, "8": 82.0288337431848, "16": 147.9652447802946}}