{"17": {"8": 9.082102935994044, "16": 28.087331002141582, "18": 32.63152046594769, "20": 22.343541604233906, "22": 41.37644639017526, "24": 44.50390156696085}}