{"14": {"1": 0.5520356476481538, "2": 1.8140617249300703, "4": 6.158612746978179, "8": 19.2701053643832, "16": 48.67920779074484}}