{"16": {"8": 50.386872585862875, "16": 109.93343630060554, "18": 120.9726904835552, "20": 128.09746278263628, "22": 136.7613398116082, "24": 145.6599214170128}}