{"16": {"8": 73.70477327518165, "16": 141.98238916695118, "18": 153.09848735108972, "20": 159.50442293658853, "22": 167.0690237209201, "24": 177.72113789990544}}