{"14": {"8": 50.39813540130854, "16": 106.846863088198, "18": 116.46534295193851, "20": 125.23194457776845, "22": 133.26872468087822, "24": 140.40979534410872}}