{"18": {"8": 24.60416007670574, "16": 66.94144669175148, "18": 75.48065778799355, "20": 82.91514124721289, "22": 91.14185204915702, "24": 97.08767239470035}}