{"12": {"8": 57.443518586456776, "16": 114.06089427880943, "18": 124.05370636284351, "20": 133.3324002791196, "22": 140.0907842591405, "24": 140.02972007729113}}