{"19": {"8": 20.51074171299115, "16": 56.3803127668798, "18": 63.82153448648751, "20": 70.39946821238846, "22": 77.94071650737897, "24": 83.45607191277668}}