{"14": {"1": 2.582100538886152, "2": 8.71793087455444, "4": 27.7709052269347, "8": 70.76351857348345, "16": 136.48021170124412}}