{"12": {"8": 53.492589220870286, "16": 112.25235013058409, "18": 123.20422589592636, "20": 133.0934327202849, "22": 124.65964939631522, "24": 138.36953326314688}}