{"16": {"8": 123.83912545070052, "16": 190.01020646095276, "18": 196.0653085783124, "20": 201.1975883245468, "22": 207.8981692865491, "24": 211.08466729149222}}