{"14": {"1": 0.5698553875554353, "2": 1.8936558229615912, "4": 6.507343445904553, "8": 20.50647413363913, "16": 51.963203463034006}}