{"14": {"8": 66.94913785345852, "16": 129.95325175486505, "18": 140.74272241443396, "20": 147.60375424474478, "22": 155.72475476842374, "24": 163.85006923228502}}