{"15": {"8": 42.24062229227275, "16": 96.90421889768913, "18": 106.47995530348271, "20": 114.74977189488709, "22": 123.27386735472828, "24": 129.6743295043707}}