{"16": {"8": 15.994440853595734, "16": 44.29669159511104, "18": 49.72169184079394, "20": 42.94680646294728, "22": 60.5449348250404, "24": 65.07835463946685}}