{"15": {"8": 16.00225385092199, "16": 41.79763993015513, "18": 47.683693680912256, "20": 34.627585804089904, "22": 59.22599473875016, "24": 64.07362713501789}}