{"16": {"8": 77.44422771409154, "16": 146.304183088243, "18": 157.03265473991632, "20": 163.32072833552957, "22": 170.66444377601147, "24": 180.62876239418983}}