{"14": {"8": 70.37186356633902, "16": 134.7007917612791, "18": 145.47797447629273, "20": 152.33252705819905, "22": 160.38687148876488, "24": 168.58437380567193}}