{"17": {"8": 108.53060252591968, "16": 175.49578923732042, "18": 182.29171565175056, "20": 187.81163434311748, "22": 195.57066591084003, "24": 199.27346623688936}}