{"14": {"8": 141.39849396795034, "16": 201.21337474882603, "18": 206.49027433991432, "20": 211.15036794543266, "22": 217.15586448460817, "24": 220.0196261331439}}