{"13": {"8": 111.85249499231577, "16": 177.59135331213474, "18": 186.77464790642262, "20": 192.00130340456963, "22": 197.69664895534515, "24": 205.62574364989996}}