{"18": {"1": 0.09310729997378075, "2": 0.4081345657759812, "4": 1.85508277718327, "8": 7.357074701576494, "16": 22.813027813994267}}