{"18": {"8": 106.56808999180794, "16": 176.57163855433464, "18": 183.59650160372257, "20": 189.59657849371433, "22": 197.72193489968777, "24": 201.59683699905872}}