{"17": {"8": 70.54347867891192, "16": 137.30343496240675, "18": 148.23668615333736, "20": 154.66314862668514, "22": 162.417645027861, "24": 173.09273079782724}}