{"17": {"8": 115.18255868181586, "16": 184.16426081955433, "18": 191.01061801612377, "20": 196.4905757457018, "22": 204.1043872833252, "24": 207.73951724171638}}