{"16": {"8": 25.416654822183773, "16": 63.33168677147478, "18": 71.33904073247686, "20": 78.24768497934565, "22": 83.85650805803016, "24": 82.29809302929789}}