{"16": {"1": 1.1921784123114776, "2": 4.824086367501877, "4": 18.69500334642362, "8": 56.96205253433436, "16": 120.80617189174518}}