{"13": {"8": 77.09496531821787, "16": 140.78992896247655, "18": 150.88977265544236, "20": 157.40143134631217, "22": 165.14648158289492, "24": 173.10927079059184}}