{"15": {"8": 41.86673597805202, "16": 93.23880515433848, "18": 102.73292009346187, "20": 111.45233742333949, "22": 119.65282069146633, "24": 126.5475864559412}}