{"20": {"1": 0.28141753973977757, "2": 1.6205318572028773, "4": 8.27562386286445, "8": 33.21741756256597, "16": 88.63484979444183}}