{"14": {"8": 28.01323641370982, "16": 70.3886591992341, "18": 78.26282387971878, "20": 68.65900932624936, "22": 93.24728142935783, "24": 99.58527672989294}}