{"18": {"8": 24.667610744130798, "16": 66.01524479314685, "18": 74.52959209913388, "20": 82.31699643889442, "22": 90.78404358495027, "24": 97.04799597617239}}