{"16": {"8": 125.8628886565566, "16": 194.24253576248884, "18": 200.52240490168333, "20": 205.78025448322296, "22": 212.6794951185584, "24": 215.92412345856428}}