{"20": {"1": 0.2945690759806894, "2": 1.6699248225195333, "4": 8.718932433694135, "8": 34.77533299179049, "16": 90.4035789219779}}