{"16": {"1": 0.21523631193849724, "2": 0.8018199027283117, "4": 3.222486645798199, "8": 11.989867639378645, "16": 33.64346712779661}}