{"17": {"8": 42.60749259078875, "16": 103.34289685450494, "18": 115.0039326660335, "20": 122.4918823800981, "22": 131.63372943550348, "24": 141.2471669446677}}