{"19": {"1": 0.34778301854385063, "2": 1.879786808443896, "4": 9.27960826610797, "8": 35.533812194888014, "16": 93.39978366644937}}