{"12": {"1": 1.3356934392359108, "2": 3.7739492002874613, "4": 10.913506805431098, "8": 29.8826267933473, "16": 68.43843098473735}}