{"19": {"8": 8.687363756238483, "16": 28.47946352053259, "18": 33.74005433489219, "20": 39.307614745455794, "22": 34.66298040188849, "24": 42.15967446321156}}