{"18": {"1": 0.08994989898201311, "2": 0.396473487111507, "4": 1.8706238680751994, "8": 7.72005836101016, "16": 24.47716580174165}}