{"18": {"8": 6.360331507981755, "16": 21.035453898832202, "18": 24.551729496975895, "20": 16.613627912360243, "22": 31.442468314780854, "24": 34.13403643819038}}