{"18": {"8": 103.74701960384846, "16": 173.17237892746925, "18": 180.51125025004148, "20": 186.96480733156204, "22": 195.43552844971418, "24": 199.4048085063696}}