{"18": {"1": 0.5661416648508748, "2": 2.6953375687007792, "4": 12.241625516922795, "8": 44.04759047948755, "16": 104.46490788148367}}