{"16": {"8": 11.787900029419689, "16": 32.70018458730192, "18": 37.31208211908233, "20": 26.765018526581116, "22": 46.172070607950445, "24": 49.48450322986173}}