{"13": {"1": 0.8571521396515891, "2": 2.6254627814050764, "4": 8.503251715097576, "8": 25.245469007379143, "16": 59.84327072117594}}