{"16": {"1": 0.22574782364245038, "2": 0.8511987314850558, "4": 3.361204784043366, "8": 11.869452324637678, "16": 33.061801409581676}}