{"16": {"8": 34.05856921477243, "16": 82.99904654826969, "18": 92.36551930569112, "20": 100.65924423933029, "22": 109.20563230849802, "24": 115.42278136499226}}