{"17": {"8": 19.7167895026505, "16": 55.211927622091025, "18": 62.932325336150825, "20": 69.77047203481197, "22": 75.8558616952505, "24": 74.0088947461918}}