{"17": {"8": 65.48454445321113, "16": 131.3063929756172, "18": 142.13609083695337, "20": 148.48003537207842, "22": 156.2531351656653, "24": 166.65478819748387}}