{"17": {"8": 119.54800690710545, "16": 188.00646448507905, "18": 194.66663216426969, "20": 200.00613760575652, "22": 207.36896484345198, "24": 210.83671509474516}}