{"19": {"8": 9.59858117904514, "16": 30.698857858675183, "18": 36.170328435342526, "20": 41.87535000531352, "22": 37.519159207484336, "24": 44.94714950706111}}