{"12": {"8": 123.31984228640795, "16": 188.1755556985736, "18": 196.5198384076357, "20": 201.26441396027803, "22": 206.31467813253403, "24": 213.27329839766026}}