{"19": {"8": 19.394781841430813, "16": 56.659156583831646, "18": 64.50517918425612, "20": 71.90288218692876, "22": 79.93056991219055, "24": 86.40175902470946}}