{"17": {"1": 0.13626565902814036, "2": 0.5496597907913383, "4": 2.310832763731014, "8": 9.028765521885362, "16": 28.111851964349626}}