{"12": {"8": 91.05818920210004, "16": 158.0811643153429, "18": 168.38493801280856, "20": 174.98820949345827, "22": 182.66663766279817, "24": 190.5688203573227}}