{"12": {"8": 121.10814690589905, "16": 185.25684838742018, "18": 194.06570948660374, "20": 199.02527940273285, "22": 204.27141425013542, "24": 211.86306346952915}}