{"14": {"1": 2.523094218224287, "2": 8.450724973110482, "4": 26.09998367028311, "8": 69.64657110488042, "16": 132.14915310731158}}