{"13": {"8": 35.64664488635026, "16": 80.37067281524651, "18": 88.68350987322628, "20": 78.80656223278493, "22": 103.80547290109098, "24": 109.8994117595721}}