{"14": {"8": 21.476673383265734, "16": 55.702145042829216, "18": 63.599441728321835, "20": 45.835095815360546, "22": 77.99600527132861, "24": 82.74595684278756}}