{"14": {"8": 33.220264228992164, "16": 78.43552497588098, "18": 88.07343329070136, "20": 97.4960884344182, "22": 90.04920235928148, "24": 102.54672242089873}}