{"13": {"8": 154.65442487597466, "16": 209.3647372573614, "18": 214.16357135772705, "20": 218.18284586071968, "22": 223.32350182533264, "24": 225.7699555158615}}