{"16": {"1": 0.20944317724206485, "2": 0.7726895000669174, "4": 3.014083624817431, "8": 11.473419869900681, "16": 32.70940983458422}}