{"17": {"8": 9.913755214074627, "16": 30.733087941422127, "18": 35.57143087591976, "20": 24.471870944369584, "22": 44.84777385205962, "24": 48.35607259301469}}