{"20": {"1": 0.24848500356893055, "2": 1.4137949062132975, "4": 7.578816867098794, "8": 32.74486358114518, "16": 89.34286591340788}}