{"19": {"8": 6.615334789006738, "16": 21.67415387617075, "18": 24.44395565724699, "20": 20.74908011429943, "22": 30.580309016513638, "24": 33.29151409538463}}