{"12": {"8": 45.02602150011808, "16": 95.7449643551372, "18": 104.67090554535389, "20": 94.37980585638434, "22": 121.32535031577572, "24": 128.2555233053863}}