{"18": {"8": 55.779951565898955, "16": 116.49558669514954, "18": 127.08087766729295, "20": 133.43727688863873, "22": 141.45192308723927, "24": 152.55800012126565}}