{"16": {"8": 20.257307147374377, "16": 52.12607331969775, "18": 59.51391895010602, "20": 66.96493514045142, "22": 61.36074710416142, "24": 70.91708459053189}}