{"18": {"8": 8.636882039019838, "16": 28.19539366097888, "18": 31.955348961637355, "20": 27.089156625210308, "22": 39.87325412093196, "24": 43.45482676938991}}