{"15": {"8": 24.867943602614105, "16": 63.336262445896864, "18": 72.22487377561629, "20": 81.22539867484011, "22": 74.56783665064722, "24": 86.12050464493223}}