{"18": {"8": 58.786033345386386, "16": 122.72201513312757, "18": 133.89507182314992, "20": 140.59312249720097, "22": 148.8496462898329, "24": 160.16886045131832}}