{"16": {"8": 19.592465683468617, "16": 51.49345263262512, "18": 59.2231539352797, "20": 66.96067594829947, "22": 60.4351346854819, "24": 70.98273747460917}}