{"16": {"8": 35.67341938242316, "16": 84.03155791456811, "18": 93.47057357360609, "20": 101.9629502738826, "22": 110.90928625827655, "24": 117.8439008127898}}