{"19": {"8": 51.384069446939975, "16": 115.30985443294048, "18": 126.64325504004955, "20": 133.39124716818333, "22": 141.7049771361053, "24": 152.66917050629854}}