{"15": {"8": 20.38865736447042, "16": 53.17428695736453, "18": 59.44268478732556, "20": 51.74979045288637, "22": 71.40225731534883, "24": 76.50987657252699}}