{"14": {"8": 40.229882000014186, "16": 89.27697119442746, "18": 98.76303044799715, "20": 107.59398340526968, "22": 113.38024481432512, "24": 113.0773525396362}}