{"15": {"8": 16.059752209461294, "16": 44.89496546960436, "18": 51.59165924275294, "20": 36.644446808611974, "22": 64.10351971816272, "24": 68.4824348418042}}