{"14": {"8": 94.31118367239833, "16": 163.55355420708656, "18": 173.54966104403138, "20": 179.46672623232007, "22": 186.21743377298117, "24": 195.52569548785686}}