{"17": {"1": 0.14074669703404652, "2": 0.5616947365779197, "4": 2.4423181135207415, "8": 9.949554898659699, "16": 31.29651664654375}}