{"16": {"1": 1.093133180955192, "2": 4.568300961400382, "4": 17.232312456239015, "8": 52.39405770180747, "16": 113.26813374622725}}