{"13": {"8": 48.39636982791126, "16": 103.16482732538134, "18": 113.24214080441743, "20": 122.14738929271698, "22": 128.79267678502947, "24": 127.8861043639481}}