{"12": {"8": 40.119859959435416, "16": 89.10979059152305, "18": 99.05215465929359, "20": 77.37913445848972, "22": 115.98820603871718, "24": 120.68787120538764}}