{"13": {"8": 51.875866586342454, "16": 107.1903494852595, "18": 117.07123342948034, "20": 125.56092534237541, "22": 132.542982485611, "24": 131.24088836088777}}