{"16": {"8": 15.96249308832921, "16": 44.20764347728618, "18": 49.556136181083275, "20": 42.898355925732176, "22": 60.10846076568123, "24": 64.513643257902}}