{"19": {"8": 8.024036112008616, "16": 25.89196867213468, "18": 30.543692270061, "20": 35.48107151364093, "22": 31.546125943190418, "24": 38.079004249651916}}