{"16": {"8": 35.162845451850444, "16": 85.72347831912339, "18": 95.53881158772856, "20": 104.21847162768245, "22": 113.38610042072833, "24": 120.3966886298731}}