{"15": {"8": 25.116551762912422, "16": 63.44788381177932, "18": 72.15724563342519, "20": 80.8593227750971, "22": 74.4107308332459, "24": 85.65762693740544}}