{"14": {"8": 23.072673635091633, "16": 56.81546173105016, "18": 64.36238013533875, "20": 47.86778030660935, "22": 78.38900544308126, "24": 83.42959803738631}}