{"12": {"8": 54.31540517695248, "16": 108.50927826575935, "18": 118.48064777068794, "20": 127.2920892238617, "22": 121.04498122632504, "24": 132.76922379620373}}