{"16": {"8": 34.96487370482646, "16": 85.85486724064685, "18": 95.72643531725043, "20": 104.50385251227999, "22": 113.26836580462987, "24": 120.2270046687554}}