{"15": {"8": 42.27507041115314, "16": 94.05260966997594, "18": 103.19364736881107, "20": 111.18096183054149, "22": 119.31477276515216, "24": 125.64037626981735}}