{"18": {"8": 60.17510483413935, "16": 126.63747489452362, "18": 137.9441957473755, "20": 144.6007682569325, "22": 152.6875463090837, "24": 163.94068700447679}}