{"15": {"8": 20.037210449227132, "16": 53.21799221742549, "18": 59.61130293170572, "20": 51.649072231404716, "22": 72.12456625694176, "24": 77.38360078330152}}