{"18": {"8": 10.142660992685705, "16": 32.13744619209319, "18": 36.39894214947708, "20": 31.08200562617276, "22": 45.29362083412707, "24": 49.223982626223005}}