{"18": {"8": 26.351236836315366, "16": 70.29650014219806, "18": 79.53790534881409, "20": 87.57513125240803, "22": 96.61428901006002, "24": 102.86718065477908}}