{"17": {"8": 19.563887344207615, "16": 54.808422713540494, "18": 62.573194527067244, "20": 69.24190141726285, "22": 74.39950986998156, "24": 72.78885684162378}}