{"15": {"8": 21.383096179924905, "16": 55.69637501775287, "18": 61.674520230153576, "20": 54.38229566765949, "22": 74.19204095890746, "24": 79.96400479684235}}