{"17": {"8": 21.47498720884323, "16": 58.532840392552316, "18": 66.51825145585462, "20": 73.29369729338214, "22": 79.24283050885424, "24": 77.2932584839873}}