{"16": {"8": 15.198577811708674, "16": 43.06427696195897, "18": 48.38878347002901, "20": 41.82552591804415, "22": 58.86327341175638, "24": 63.16108422866091}}