{"12": {"8": 37.21037703193724, "16": 81.79650283651426, "18": 90.6799659691751, "20": 70.8136420212686, "22": 106.39124724082649, "24": 111.1472745090723}}