{"16": {"8": 52.98637307458557, "16": 114.69543633796275, "18": 125.74732030183077, "20": 132.89052377268672, "22": 141.52072614245117, "24": 150.48961652815342}}