{"19": {"8": 30.917639965657145, "16": 81.71212843479589, "18": 92.26907396106981, "20": 99.31681121233851, "22": 107.97107062675059, "24": 117.17204248323105}}