{"14": {"8": 23.18575690779835, "16": 59.0463792868577, "18": 66.84262575083994, "20": 49.244847434572875, "22": 81.34089249989484, "24": 86.39169206999941}}