{"16": {"8": 19.88478062703507, "16": 52.813746286788955, "18": 60.328637101338245, "20": 67.8438424100168, "22": 61.505646748817526, "24": 71.56736989552155}}