{"16": {"8": 122.47406322136521, "16": 188.63042795658112, "18": 195.0574623197317, "20": 200.37507908046246, "22": 207.42547617852688, "24": 210.7206954061985}}