{"19": {"8": 21.838026743382215, "16": 62.972262570634484, "18": 71.61482872441411, "20": 79.51787812262774, "22": 87.83416341431439, "24": 94.26219229865819}}