{"17": {"8": 29.709226922132075, "16": 77.35527363047004, "18": 87.05420487001538, "20": 96.02245512418449, "22": 105.18201190792024, "24": 112.53179030306637}}