{"19": {"8": 12.603332586353645, "16": 40.14010121487081, "18": 46.727081024320796, "20": 52.27885505347513, "22": 57.52718002430629, "24": 55.415033909957856}}