{"16": {"8": 24.539257876109332, "16": 64.3446839924436, "18": 72.80265059729572, "20": 80.23043106216937, "22": 86.34653706662357, "24": 84.26017678203061}}