{"15": {"8": 85.25761960074306, "16": 153.86480037122965, "18": 164.01238536834717, "20": 169.88411588594317, "22": 176.55016642436385, "24": 185.5381478406489}}