{"15": {"8": 16.955168779939413, "16": 46.05566704040393, "18": 52.83420746750198, "20": 37.80647658207454, "22": 65.79127746447921, "24": 70.65174526162446}}