{"13": {"8": 31.526827639900148, "16": 75.49725512601435, "18": 84.47795221582055, "20": 63.919638112187386, "22": 100.21663841814734, "24": 105.16528615029529}}