{"16": {"8": 25.965681329136714, "16": 66.50107168965042, "18": 74.95526199857704, "20": 82.64746407978237, "22": 89.74602239951491, "24": 87.69281592522748}}