{"18": {"1": 0.5354167777695693, "2": 2.610890881216619, "4": 11.797607663436793, "8": 41.75427014438901, "16": 101.87876852480986}}