{"12": {"8": 166.14078083634377, "16": 218.214077308774, "18": 222.3652076125145, "20": 225.83593106269836, "22": 230.17351114749908, "24": 232.25743371248245}}