{"14": {"1": 0.5225208821357228, "2": 1.7182599141378887, "4": 5.969795965123922, "8": 19.39922392842709, "16": 50.95508766376588}}