{"15": {"1": 1.750112117122626, "2": 6.498835244216025, "4": 21.882984609808773, "8": 60.52086501507074, "16": 123.67004482910852}}