{"12": {"1": 4.4404677947750315, "2": 13.182422966929153, "4": 37.19223927613348, "8": 87.24838180397637, "16": 151.69206245988607}}