{"15": {"8": 58.91335733374581, "16": 122.09896004758775, "18": 133.0315316512715, "20": 139.96982051804662, "22": 148.2318204739131, "24": 156.8747738385573}}