{"12": {"8": 50.48851837741677, "16": 103.63376298453659, "18": 113.5001923898235, "20": 122.11672785691917, "22": 114.82813798356801, "24": 126.76443013176322}}