{"17": {"8": 15.697729418985546, "16": 44.94409005250782, "18": 52.003452309407294, "20": 59.177387828473, "22": 53.48332524835132, "24": 63.091983851161785}}