{"13": {"8": 42.01896411902271, "16": 91.40215911436826, "18": 100.9374190652743, "20": 109.78658894915134, "22": 103.47195388237014, "24": 115.17818713281304}}