{"19": {"1": 0.38243564706499455, "2": 1.97061523393495, "4": 9.731537390151061, "8": 37.22029574366752, "16": 96.06915481947362}}