{"12": {"8": 119.95518200099468, "16": 182.7081030756235, "18": 191.19474428147078, "20": 196.13976339250803, "22": 201.5621751025319, "24": 209.20996096730232}}