{"19": {"8": 9.26962918008212, "16": 29.49488467304036, "18": 34.68413146108651, "20": 40.237312753655715, "22": 36.25723940113676, "24": 43.372073745849775}}