{"19": {"8": 50.64327943138778, "16": 111.9410051535815, "18": 122.85532290674746, "20": 129.34791614860296, "22": 137.47464196570218, "24": 149.13071188051254}}