{"20": {"1": 0.29968944022402866, "2": 1.6737344815264805, "4": 8.514712551317643, "8": 33.94875063630752, "16": 89.41729938454228}}