{"18": {"8": 23.360593310557306, "16": 63.22934140940197, "18": 71.49227801605593, "20": 78.77469059405848, "22": 87.07520993397338, "24": 93.10281240846962}}