{"16": {"8": 21.94250182947144, "16": 58.939810873009264, "18": 67.41449471516535, "20": 75.83785362436902, "22": 69.09786149929278, "24": 80.42954778077547}}