{"12": {"8": 40.010798503644764, "16": 86.32853375934064, "18": 95.83360564056784, "20": 75.22968563251197, "22": 112.68600916396827, "24": 117.73068887367845}}