{"16": {"8": 35.224294900428504, "16": 83.47122310521081, "18": 92.75006847060286, "20": 101.27938145911321, "22": 109.83777447213652, "24": 116.57093073216674}}