{"18": {"8": 9.158372618083376, "16": 29.912900466588326, "18": 33.8072351947194, "20": 28.809982653940096, "22": 41.916811592527665, "24": 45.52759681013413}}