{"19": {"8": 97.81238955259323, "16": 167.23365041986108, "18": 174.30720917321742, "20": 180.17169730737805, "22": 188.52807023748755, "24": 192.5300184916705}}