{"17": {"8": 66.05244819633663, "16": 134.6195667721331, "18": 145.8247318416834, "20": 152.36109428107738, "22": 160.20367657393217, "24": 170.9626222960651}}