{"16": {"8": 35.59200135525316, "16": 85.9859846259933, "18": 95.69911081687314, "20": 104.12525922694476, "22": 112.93536474497523, "24": 119.78427456979989}}