{"13": {"8": 149.78982812166214, "16": 208.19110511243343, "18": 213.25632393360138, "20": 217.30151987075806, "22": 222.58718080818653, "24": 225.1757543683052}}