{"19": {"8": 7.676498967732186, "16": 25.623756076791324, "18": 28.674637123564025, "20": 24.651441930851433, "22": 35.88016076380154, "24": 39.24987174848502}}