{"19": {"8": 5.2575752210614155, "16": 18.0667862657574, "18": 21.145166186557617, "20": 14.049195144616533, "22": 27.40022852201946, "24": 29.999842268414795}}