{"17": {"8": 29.326049617957324, "16": 72.46064583817497, "18": 80.91343819443136, "20": 88.84084402117878, "22": 97.0079977591522, "24": 103.76585237099789}}