{"12": {"8": 47.17955177463591, "16": 99.75443706102669, "18": 108.9592777788639, "20": 98.1042053848505, "22": 125.3384955227375, "24": 131.97956955991685}}