{"15": {"8": 33.10913854057435, "16": 80.26445028476883, "18": 89.76138217421249, "20": 97.843758555362, "22": 105.36111186811468, "24": 103.16612379183061}}