{"15": {"1": 0.3232223063823767, "2": 1.1415347671718337, "4": 4.168535981792957, "8": 13.722527154532145, "16": 36.77651603764389}}