{"19": {"8": 13.328754578833468, "16": 40.80711458134465, "18": 47.21864729607478, "20": 52.54337340791244, "22": 57.64144294743892, "24": 55.67287047021091}}