{"17": {"8": 107.27634695917368, "16": 173.60058994591236, "18": 180.43117102980614, "20": 186.28159414231777, "22": 194.2798153758049, "24": 198.0533782541752}}