{"13": {"8": 62.7217987049371, "16": 122.60454861540347, "18": 132.5335822016932, "20": 141.55450531840324, "22": 149.56377026531845, "24": 156.48160536307842}}