{"14": {"8": 33.37617068970576, "16": 75.1901514341589, "18": 84.17879191366956, "20": 92.91551684681326, "22": 86.10865927487612, "24": 97.6945569915697}}