{"15": {"8": 59.475585689768195, "16": 123.37504690140486, "18": 134.5031869020313, "20": 141.5614382494241, "22": 149.81496023759246, "24": 158.09307861700654}}