{"17": {"8": 118.9163937754929, "16": 186.63346795737743, "18": 192.91621220856905, "20": 198.21877670288086, "22": 205.40756005048752, "24": 208.82723273336887}}