{"12": {"8": 75.13713192380965, "16": 135.1840650420636, "18": 144.8059654608369, "20": 153.87160150893033, "22": 160.77103759720922, "24": 167.96277803368866}}