{"14": {"8": 140.72345315665007, "16": 202.74547970294952, "18": 208.1218024045229, "20": 212.71160951256752, "22": 218.52745987474918, "24": 221.25835061073303}}