{"18": {"1": 0.6096528616035357, "2": 2.8525651471863966, "4": 12.560317020397633, "8": 42.879900175961666, "16": 99.24415342541761}}