{"16": {"1": 0.2188049703690922, "2": 0.8337293888034765, "4": 3.3847761984798126, "8": 12.48359142348636, "16": 35.78090913037886}}