{"12": {"8": 74.6390133779496, "16": 137.09194045560434, "18": 146.97671784833074, "20": 155.83104539383203, "22": 162.96813063696027, "24": 169.6970201972872}}