{"15": {"1": 1.6579438374028541, "2": 6.228490258916281, "4": 21.619864932377823, "8": 61.88582421420142, "16": 128.35615131258965}}