{"20": {"1": 0.03357813196180359, "2": 0.1673210937733529, "4": 0.8754261638678145, "8": 3.9880893717236177, "16": 13.514292871785074}}