{"13": {"8": 104.6648109741509, "16": 174.24888007342815, "18": 183.45970490574837, "20": 188.7177172973752, "22": 194.6176030561328, "24": 203.04951003938913}}