{"12": {"8": 40.18932706513442, "16": 87.3523397021927, "18": 96.72162919212133, "20": 75.56967732869089, "22": 112.66653358191252, "24": 116.8151185978204}}