{"18": {"8": 17.851382070686668, "16": 51.49184165517363, "18": 59.36743373607169, "20": 66.45274375248118, "22": 71.99397645238787, "24": 70.46805547671102}}