{"18": {"8": 112.1589042916894, "16": 182.43947010487318, "18": 189.23641125112772, "20": 194.99426921457052, "22": 202.52708326280117, "24": 206.08619445562363}}