{"14": {"8": 31.405035723000765, "16": 75.68518246617168, "18": 84.98059252928942, "20": 93.7202958338894, "22": 86.11734783835709, "24": 98.21430446021259}}