{"19": {"8": 5.650063552442589, "16": 19.183806044136873, "18": 22.415016426559305, "20": 15.02935734105995, "22": 28.791997225169325, "24": 31.02254025840375}}