{"19": {"8": 7.463573486806126, "16": 26.056988636555616, "18": 29.698133818921633, "20": 24.81652291311184, "22": 37.3104110971326, "24": 40.59259485255461}}