{"17": {"8": 10.995559686765773, "16": 32.8186106523608, "18": 37.18647808032256, "20": 31.754720631561213, "22": 45.81731968602071, "24": 49.295289161142136}}