{"19": {"8": 29.32605911185965, "16": 78.22160483663902, "18": 88.19763087388128, "20": 94.6753823524341, "22": 102.53999312687665, "24": 111.20489114988595}}