{"15": {"8": 25.120287218131125, "16": 64.26099870563485, "18": 73.09762132936157, "20": 81.5295462711365, "22": 74.66102860803949, "24": 85.92812901863363}}