{"14": {"8": 42.298583997413516, "16": 96.54314543213695, "18": 106.89188576070592, "20": 115.60103501938283, "22": 123.31597486324608, "24": 121.13978335354477}}