{"12": {"1": 4.999757720739581, "2": 14.431137692648917, "4": 38.70068373018876, "8": 88.28726883325726, "16": 154.8845649920404}}