{"14": {"8": 27.42244781088084, "16": 66.01389369632761, "18": 73.94819572470442, "20": 64.44754838893641, "22": 87.88881864311406, "24": 93.11965441476787}}