{"18": {"1": 0.08678210490325, "2": 0.38139183596649673, "4": 1.7717220286140218, "8": 7.593111742491601, "16": 24.2656100551485}}