{"14": {"8": 26.764531587716192, "16": 65.56278859358281, "18": 73.20477911876515, "20": 64.01647444954142, "22": 87.4665664313361, "24": 93.33022092096508}}