{"15": {"8": 132.19797822088003, "16": 192.6475631147623, "18": 198.44187204539776, "20": 203.31009490787983, "22": 209.9299799501896, "24": 213.03370860219002}}