{"18": {"1": 0.085827942169999, "2": 0.37036138551775366, "4": 1.6497303221549373, "8": 6.8130719862765545, "16": 21.670675616180233}}