{"15": {"8": 83.20395593903959, "16": 150.3560109771788, "18": 160.6545985713601, "20": 166.70757562667131, "22": 173.7782895192504, "24": 183.4510428570211}}