{"18": {"8": 6.410774391377345, "16": 20.59104521048721, "18": 23.988527685112786, "20": 16.338592148473253, "22": 30.74324351735413, "24": 33.31216282508103}}