{"19": {"8": 5.165941156359622, "16": 17.893549686617916, "18": 21.0989629982505, "20": 13.857610767008737, "22": 27.650796068890486, "24": 30.528058608062565}}