{"14": {"8": 50.653716027736664, "16": 106.77817507646978, "18": 116.47559606283903, "20": 125.28775840904564, "22": 133.32870631013066, "24": 140.26384505350143}}