{"18": {"8": 12.029446567990817, "16": 36.966641934239306, "18": 43.401961335286614, "20": 50.1023951848847, "22": 44.65568284699111, "24": 53.60842243969091}}