{"17": {"8": 66.36920218914747, "16": 132.06386595591903, "18": 142.9772596322, "20": 149.19449381157756, "22": 156.72669932618737, "24": 167.55791321769357}}