{"18": {"8": 9.244160698261112, "16": 29.53194019536022, "18": 33.34339103708044, "20": 28.485596226877533, "22": 41.14754835446365, "24": 44.5704631882254}}