{"16": {"8": 12.453701455960982, "16": 35.43387355143204, "18": 40.61524910636945, "20": 28.842106560710818, "22": 50.41372834353024, "24": 54.154354909522226}}