{"19": {"1": 0.3883926575144869, "2": 2.0888771788740996, "4": 9.909830740245525, "8": 37.85592550839647, "16": 94.4098191735684}}