{"13": {"8": 150.04702439904213, "16": 208.0494818687439, "18": 213.0335255563259, "20": 217.38360910117626, "22": 222.69445732235909, "24": 225.20287407934666}}