{"16": {"8": 12.827298779855482, "16": 37.11626302177319, "18": 42.88223252008902, "20": 30.106686274521053, "22": 54.079347381106345, "24": 58.306523789233324}}