{"16": {"8": 20.492650042055175, "16": 55.28193791001104, "18": 63.443950643297285, "20": 71.6059479964897, "22": 65.25569288944826, "24": 75.88116352225188}}