{"16": {"1": 1.1781401868793182, "2": 4.713950700766873, "4": 18.079148872377118, "8": 55.74098346891333, "16": 118.76203857082874}}