{"13": {"8": 62.42531919153407, "16": 120.6362391570583, "18": 130.3816675953567, "20": 139.5250251442194, "22": 147.20656844228506, "24": 154.42664404399693}}