{"13": {"8": 49.89145186310634, "16": 108.82553252694197, "18": 119.5966856572777, "20": 129.1384132388048, "22": 135.8989858198911, "24": 135.2498483315576}}