{"15": {"8": 40.91154106007889, "16": 92.2037118030712, "18": 101.43584582698531, "20": 109.63624458224513, "22": 117.93282977613853, "24": 124.55162541399477}}