{"19": {"8": 52.25293676555157, "16": 114.05992442462593, "18": 124.82703186757863, "20": 131.29499713424593, "22": 139.35380536224693, "24": 150.28977513406426}}