{"20": {"1": 0.2633341661294253, "2": 1.4348930557534914, "4": 7.228895358057343, "8": 29.793118833145854, "16": 83.19014787027845}}