{"19": {"8": 13.162564513972029, "16": 42.26119283764274, "18": 49.30512035387801, "20": 55.04534009343479, "22": 60.750996818824206, "24": 58.18115481469431}}