{"14": {"8": 146.75780022144318, "16": 206.1619502902031, "18": 211.2620825022459, "20": 215.8854050040245, "22": 221.42088855803013, "24": 224.003172442317}}