{"19": {"1": 0.052362481103045866, "2": 0.2442040372188785, "4": 1.2071215905889403, "8": 5.289639658643864, "16": 17.965586429752875}}