{"13": {"1": 0.8789632424886804, "2": 2.6706820263061672, "4": 8.458389208652079, "8": 24.48547689896077, "16": 60.470853896287736}}