{"19": {"8": 31.496746003627777, "16": 82.14775086636655, "18": 92.63624980836175, "20": 99.59056203672662, "22": 108.20603821030818, "24": 117.14940900588408}}