{"13": {"8": 77.18796361796558, "16": 143.67048761621118, "18": 154.33758793771267, "20": 161.16780840605497, "22": 169.1525290682912, "24": 177.1743092611432}}