{"14": {"8": 32.67058035824448, "16": 75.5232895705849, "18": 84.50534317083657, "20": 93.06618533656001, "22": 86.81579704210162, "24": 98.05718376487494}}