{"14": {"8": 70.7392064742744, "16": 138.72983846720308, "18": 149.82578701898456, "20": 156.90383454971015, "22": 165.28246523812413, "24": 173.57317820214666}}