{"12": {"8": 163.60330566763878, "16": 215.37969568371773, "18": 219.66661712527275, "20": 223.4769780933857, "22": 228.06009036302567, "24": 230.22469401359558}}