{"14": {"1": 0.5673753392184153, "2": 1.8375848185969517, "4": 6.2113261501071975, "8": 19.56674318748992, "16": 49.38981564709684}}