{"19": {"8": 6.6113382159674075, "16": 22.61930138335447, "18": 25.59754204947967, "20": 21.784192771228845, "22": 32.4542576219319, "24": 35.58601257484406}}