{"13": {"8": 107.1075187176466, "16": 173.22964822128415, "18": 182.61260721832514, "20": 188.02719315513968, "22": 194.19202432781458, "24": 202.51506666839123}}