{"17": {"1": 0.14433971626567654, "2": 0.5989246596291196, "4": 2.5905214833910577, "8": 9.952564509701915, "16": 28.87461594269098}}