{"13": {"8": 79.58543071523309, "16": 145.784724842757, "18": 156.1636579707265, "20": 162.71741215139627, "22": 170.23222049325705, "24": 177.69188169762492}}