{"18": {"8": 13.219656801666133, "16": 38.72631601269677, "18": 45.04669603912771, "20": 51.65206094761379, "22": 46.57442631898448, "24": 55.28877707532956}}