{"13": {"8": 62.010658596176654, "16": 122.05818486737553, "18": 131.99810278159566, "20": 141.04909698711708, "22": 148.933401778806, "24": 155.70593456737697}}