{"13": {"1": 0.8769363647443242, "2": 2.7386313079623505, "4": 8.987741979304701, "8": 27.145894386572763, "16": 64.91089420221397}}