{"17": {"8": 60.59035593178123, "16": 125.0913297785446, "18": 135.72071291785687, "20": 141.9349184911698, "22": 149.51212918851525, "24": 160.27131393249147}}