{"15": {"8": 20.83726803632453, "16": 55.95153557159938, "18": 62.885646409820765, "20": 54.23638683964964, "22": 75.84112331317738, "24": 81.21902422746643}}