{"13": {"1": 0.8708172825863585, "2": 2.649618075345643, "4": 8.392199363093823, "8": 24.469263948034495, "16": 59.01034909771988}}