{"14": {"8": 32.19524617539719, "16": 75.42646871507168, "18": 84.59081294201314, "20": 93.54089559800923, "22": 86.88774210121483, "24": 98.59939870610833}}