{"17": {"1": 0.7974223202618305, "2": 3.4328676700242795, "4": 13.925971014541574, "8": 46.045018542790785, "16": 109.29195284028538}}