{"12": {"8": 52.18876898474991, "16": 104.99276877264492, "18": 115.38635806366801, "20": 124.57737417239696, "22": 117.41427787113935, "24": 129.71338658290915}}