{"20": {"1": 0.32103386121889343, "2": 1.7832660432177363, "4": 8.981212745944504, "8": 35.6597872126149, "16": 91.14097440368641}}