{"17": {"8": 15.613737142994069, "16": 44.12596169556491, "18": 51.204573164868634, "20": 58.42377439072334, "22": 53.1360559570785, "24": 62.33466881758068}}