{"12": {"8": 63.61721100658178, "16": 123.11703342571855, "18": 133.5023800446652, "20": 142.99445358244702, "22": 150.0251820506528, "24": 149.46889065625146}}