{"17": {"8": 8.619287610992615, "16": 26.095379651062103, "18": 30.20644745939353, "20": 20.8826579672168, "22": 38.235312852077186, "24": 41.6827507038397}}