{"20": {"1": 0.03348906168321264, "2": 0.16796219162642956, "4": 0.8854414353190805, "8": 4.297593835071893, "16": 15.629624389091987}}