{"15": {"1": 1.7002207821933553, "2": 6.401253296353389, "4": 22.645798188168555, "8": 62.918310951441526, "16": 126.001741417218}}