{"15": {"8": 133.0896194651723, "16": 196.72507764399052, "18": 202.49607260525227, "20": 207.55840434134007, "22": 214.0652972459793, "24": 217.19944262504578}}