{"14": {"1": 2.461904298281297, "2": 8.328118456644006, "4": 26.32653583737556, "8": 70.0891901353607, "16": 134.50208021479193}}