{"16": {"8": 19.76017629256239, "16": 50.386014775256626, "18": 57.6231388382148, "20": 65.00038652599324, "22": 59.44594852287264, "24": 69.07003747487033}}