{"14": {"8": 31.487935362383723, "16": 75.52715753950179, "18": 85.13582071568817, "20": 94.48367674462497, "22": 88.15289060305804, "24": 99.87431968329474}}