{"19": {"1": 0.44963476742850617, "2": 2.3161631208495237, "4": 10.77578368075774, "8": 38.70735850845813, "16": 96.07853529116255}}