{"12": {"8": 92.2648082524538, "16": 158.3483192063868, "18": 168.71573689579964, "20": 175.30967758968472, "22": 183.1384088397026, "24": 191.0833354331553}}