{"17": {"8": 22.71362379193306, "16": 60.736110096098855, "18": 68.73313920386136, "20": 75.65228873398155, "22": 81.55238212493714, "24": 79.61703057563864}}