{"18": {"8": 8.595741289842408, "16": 28.514843671873678, "18": 32.63940969156101, "20": 27.47527146205539, "22": 41.07660298130941, "24": 44.675263793673366}}