{"14": {"8": 52.14839100372046, "16": 112.27894187020138, "18": 123.0765829712036, "20": 132.82529716170393, "22": 141.64635288901025, "24": 149.06165013555437}}