{"18": {"8": 6.560991034843028, "16": 20.6942128991941, "18": 23.99556648824364, "20": 16.33334906055825, "22": 30.483091481379233, "24": 33.12108042417094}}