{"18": {"8": 108.78240099549294, "16": 177.7208148613572, "18": 184.6696639880538, "20": 190.4184718951583, "22": 198.3397874981165, "24": 202.11736072599888}}