{"15": {"8": 19.490749770542607, "16": 50.08639285154641, "18": 55.97882048133761, "20": 48.84070988406893, "22": 67.20548735721968, "24": 71.81894717388786}}