{"12": {"8": 164.61735020577908, "16": 219.0802461206913, "18": 223.41555866599083, "20": 226.9904085099697, "22": 231.37874776124954, "24": 233.42746314406395}}