{"15": {"1": 0.3497538660012651, "2": 1.2361966627067886, "4": 4.695502914430108, "8": 15.87976103508845, "16": 41.76676079383469}}