{"12": {"8": 96.55859453231096, "16": 164.32547194510698, "18": 174.50330562889576, "20": 181.1059643998742, "22": 188.83507333695889, "24": 196.70065207779408}}