{"17": {"1": 0.8459667228162289, "2": 3.745277609763434, "4": 15.498497309803497, "8": 49.33177399681881, "16": 108.07599530182779}}