{"15": {"8": 33.09812430063903, "16": 79.33793619461358, "18": 88.52775006438605, "20": 96.17463421798311, "22": 102.91431604174431, "24": 100.71193900879007}}