{"18": {"8": 35.08600147732068, "16": 85.78561903024092, "18": 95.83400921849534, "20": 102.38867099257186, "22": 110.50427005812526, "24": 119.43774779327214}}