{"12": {"8": 43.00870407372713, "16": 94.43458978878334, "18": 104.51525826472789, "20": 92.24570956313983, "22": 120.64072144962847, "24": 126.78074060194194}}