{"14": {"8": 50.47478434164077, "16": 106.89142160466872, "18": 117.16872398066334, "20": 125.76727486727759, "22": 134.52680030930787, "24": 141.31960239820182}}