{"12": {"8": 94.40056873485446, "16": 160.52348244562745, "18": 170.35334379598498, "20": 176.58670337311924, "22": 183.91194563545287, "24": 191.2839458025992}}