{"14": {"8": 21.929260408040136, "16": 54.31277345628769, "18": 61.53281944464106, "20": 45.76006801449694, "22": 74.98427180227009, "24": 79.78186230696156}}