{"12": {"8": 76.99775586090982, "16": 140.902964906767, "18": 151.57444809004664, "20": 161.30470010824502, "22": 169.39876317605376, "24": 176.7609388306737}}