{"14": {"8": 67.47377338260412, "16": 131.02265416271985, "18": 141.53681613132358, "20": 148.2788173519075, "22": 156.1016789022833, "24": 164.06385662779212}}