{"17": {"8": 20.66036765789613, "16": 55.59306473005563, "18": 63.228467870503664, "20": 69.98407297872473, "22": 75.0679273121059, "24": 73.79399371612817}}