{"16": {"8": 116.78033966571093, "16": 183.07130113244057, "18": 189.3702994287014, "20": 194.7139925956726, "22": 201.99822084605694, "24": 205.50673754513264}}