{"14": {"8": 40.76161119528115, "16": 93.26332299411297, "18": 103.02913633314893, "20": 111.32139336783439, "22": 118.33344190940261, "24": 116.408776383847}}