{"15": {"1": 0.34906860937189776, "2": 1.231542783731129, "4": 4.584052380727371, "8": 15.700463730972842, "16": 42.37859389022924}}