{"12": {"8": 75.2708177473396, "16": 140.60676335170865, "18": 150.91864638775587, "20": 160.51313171349466, "22": 168.20128025859594, "24": 175.37469493877143}}