{"18": {"1": 0.5409041170714772, "2": 2.618724289990496, "4": 11.607040488161147, "8": 41.62309742596699, "16": 101.9068316865596}}