{"16": {"1": 0.2186830522841774, "2": 0.8364364790031686, "4": 3.3438352729426697, "8": 12.081123628886417, "16": 35.17075663484866}}