{"17": {"8": 15.963251163833775, "16": 43.68335956711962, "18": 50.34150437722565, "20": 57.35622735985089, "22": 52.67772125045303, "24": 61.44451999303419}}