{"16": {"8": 73.9904173053801, "16": 143.61618742719293, "18": 154.59758700430393, "20": 160.9239737354219, "22": 168.4554557837546, "24": 178.2169654853642}}