{"20": {"1": 0.033874661292429664, "2": 0.16881472388195107, "4": 0.8919093519980379, "8": 4.196018322581949, "16": 14.902668777554936}}