{"19": {"8": 99.7416223846376, "16": 167.7304204981774, "18": 174.69569984450936, "20": 180.63710525259376, "22": 188.73343867901713, "24": 192.53520156349987}}