{"13": {"1": 0.9098224847693928, "2": 2.8303673318587244, "4": 9.197512942308094, "8": 26.93219960271381, "16": 63.25880292255897}}