{"12": {"8": 54.54156041517854, "16": 110.78847235674039, "18": 121.07695839274675, "20": 130.59195346588967, "22": 123.8874376345193, "24": 136.5923133075703}}