{"14": {"8": 23.32171850767918, "16": 57.83125076489523, "18": 65.48970553651452, "20": 48.46473006159067, "22": 79.35285734245554, "24": 84.11373863602057}}