{"13": {"8": 60.3161232508719, "16": 121.91953462094534, "18": 132.17751637892798, "20": 140.80785509967245, "22": 149.14926914591342, "24": 155.79259586054832}}