{"12": {"8": 40.85147660737857, "16": 87.0937085468322, "18": 96.63670514989644, "20": 75.9905737740919, "22": 113.28620893321931, "24": 117.99676951486617}}