{"12": {"1": 3.8710454946849495, "2": 11.213732258882374, "4": 31.413121196441352, "8": 75.13713192380965, "16": 135.1840650420636}}