{"14": {"1": 1.5467519794474356, "2": 5.417448501451872, "4": 18.1902925837785, "8": 52.14839100372046, "16": 112.27894187020138}}