{"12": {"1": 3.2957558087073267, "2": 9.676874607335776, "4": 28.333853717893362, "8": 71.3695119433105, "16": 133.74096565693617}}