{"14": {"1": 1.0845365145942196, "2": 3.672678051283583, "4": 12.68760768440552, "8": 37.702897891402245, "16": 86.90417777188122}}