{"13": {"1": 5.608888856368139, "2": 17.2876232303679, "4": 48.55494683608413, "8": 108.1011795848608, "16": 175.90666676685214}}