{"15": {"1": 0.7483616914250888, "2": 2.6865195115096867, "4": 10.04462107620202, "8": 32.94766939128749, "16": 79.58163424162194}}