{"20": {"1": 0.47784175498236436, "2": 2.6529445378109813, "4": 12.872768263681792, "8": 46.36518411105499, "16": 107.85834728740156}}