{"14": {"1": 0.7040885967435315, "2": 2.216466666897759, "4": 7.440901146575925, "8": 23.18575690779835, "16": 59.0463792868577}}