{"20": {"1": 0.500788230499893, "2": 2.718562034307979, "4": 13.499778114957735, "8": 48.38613221002743, "16": 111.7920975824818}}