{"19": {"1": 0.06105436570942402, "2": 0.2662178459431743, "4": 1.2244759189197794, "8": 5.079158784967149, "16": 17.350831546646077}}