{"18": {"1": 0.1962441685027443, "2": 0.902846520912135, "4": 4.272920147806872, "8": 17.4621995894704, "16": 51.2256026417017}}