{"17": {"1": 0.39277478112489916, "2": 1.7421615492203273, "4": 7.811354601406492, "8": 28.76809033472091, "16": 74.53222140460275}}