{"18": {"1": 3.018967434647493, "2": 12.454946368932724, "4": 43.41883964277804, "8": 106.56808999180794, "16": 176.57163855433464}}