{"14": {"1": 1.5108373637776822, "2": 5.175313380314037, "4": 17.62250652257353, "8": 51.36932475399226, "16": 108.63797304593027}}