{"20": {"1": 0.05459428513859166, "2": 0.2727429799779202, "4": 1.4235696589457802, "8": 6.7006972260569455, "16": 23.06726089672884}}