{"20": {"1": 1.6358593626355287, "2": 8.121113596716896, "4": 33.41393936239183, "8": 91.7487759962678, "16": 160.8633714132011}}