{"18": {"1": 0.4659992237284314, "2": 2.2004889743984677, "4": 10.13897046027705, "8": 36.40398986916989, "16": 91.58975276350975}}