{"13": {"1": 1.4498151865554973, "2": 4.48100830684416, "4": 14.27264498732984, "8": 41.42336339689791, "16": 91.62447680486366}}