{"18": {"1": 0.2946041350805899, "2": 1.3876641347887926, "4": 6.666089167585596, "8": 25.70261909533292, "16": 69.15440505323932}}