{"15": {"1": 0.7120067380019464, "2": 2.6084673371660756, "4": 9.822077987715602, "8": 32.41725607868284, "16": 76.31072209170088}}