{"19": {"1": 0.09195655534858815, "2": 0.4294123050640337, "4": 2.1083469604491256, "8": 9.208633465808816, "16": 29.982416675105924}}