{"12": {"1": 8.056217272300273, "2": 22.41837354749441, "4": 56.98877736926079, "8": 118.52056758478284, "16": 183.62270145863295}}