{"15": {"1": 0.9739961615414359, "2": 3.694321413175203, "4": 13.786815118044615, "8": 42.864648355636746, "16": 98.4647300299257}}