{"20": {"1": 0.08180435393660446, "2": 0.44623765709548024, "4": 2.4167712049093097, "8": 11.467629597173072, "16": 38.06095837405883}}