{"17": {"1": 0.31415878591360524, "2": 1.3496374526876025, "4": 6.04363070637919, "8": 22.68793715222273, "16": 61.01014590077102}}