{"20": {"1": 0.07718327971815597, "2": 0.4099284437907045, "4": 2.1802720056075486, "8": 10.36604062304832, "16": 34.15833007299807}}