{"12": {"1": 2.1074597924016416, "2": 5.917281191796064, "4": 17.415418142452836, "8": 46.52455510944128, "16": 98.12952914834023}}