{"19": {"1": 0.7290026205737377, "2": 3.52555707184365, "4": 15.652727105654776, "8": 52.364534843247384, "16": 115.22822033287957}}