{"19": {"1": 0.18223030531953555, "2": 0.9345902136119548, "4": 4.870023196388502, "8": 20.510742058046162, "16": 56.38031329168007}}