{"20": {"1": 0.058687021144578466, "2": 0.293863730817975, "4": 1.5746518508531153, "8": 7.494375787500758, "16": 24.149902279954404}}