{"16": {"1": 2.1291350616374984, "2": 8.220757250441238, "4": 28.681088799610734, "8": 77.44422771409154, "16": 146.304183088243}}