{"20": {"1": 0.04347886321556871, "2": 0.21171395380224567, "4": 1.1216372375492938, "8": 5.360813884210074, "16": 19.581929969455814}}