{"13": {"1": 2.229564716340974, "2": 7.058131563942879, "4": 22.105399773456156, "8": 60.3161232508719, "16": 121.91953462094534}}