{"14": {"1": 1.1479254812002182, "2": 3.899807190406136, "4": 13.379686664789915, "8": 39.95209227222949, "16": 89.64188437536359}}