{"15": {"1": 6.704943915596232, "2": 21.37981642782688, "4": 62.19970193132758, "8": 132.94376458972692, "16": 197.04352090507746}}