{"16": {"1": 0.25778590483241715, "2": 0.9131688443594612, "4": 3.4809269353281707, "8": 11.787900029419689, "16": 32.70018458730192}}