{"20": {"1": 0.05448322969459696, "2": 0.27690867296769284, "4": 1.519939073943533, "8": 7.370236204820685, "16": 24.081780971726403}}