{"15": {"1": 0.5017272240365855, "2": 1.6917706867679954, "4": 6.177306206198409, "8": 20.987373734475113, "16": 55.87114280369133}}