{"19": {"1": 0.09140314894466428, "2": 0.43257406749762595, "4": 2.198006103746593, "8": 9.598581237252802, "16": 30.698858244053554}}