{"17": {"1": 3.78337064338848, "2": 14.610157548449934, "4": 48.6838552467525, "8": 115.18255868181586, "16": 184.16426081955433}}