{"13": {"1": 3.2301201545633376, "2": 10.317636228632182, "4": 32.10109832882881, "8": 82.32761690020561, "16": 151.9840279854834}}