{"12": {"1": 16.563674245029688, "2": 40.95458160713315, "4": 93.1006511375308, "8": 163.74772964417934, "16": 216.82496374845505}}