{"20": {"1": 0.2253415660452447, "2": 1.2692812467576005, "4": 6.706362556898966, "8": 26.546896947431378, "16": 71.78363894333597}}