{"15": {"1": 0.46909261343535036, "2": 1.6297531079035252, "4": 5.944275356596336, "8": 19.490749770542607, "16": 50.08639285154641}}