{"16": {"1": 0.23854132887208834, "2": 0.8487151906010695, "4": 3.252873868565075, "8": 11.55400558654219, "16": 34.711197279335465}}