{"19": {"1": 0.1798224730664515, "2": 0.9601841722032987, "4": 4.913857259612996, "8": 19.59272545116255, "16": 56.45697737572482}}