{"17": {"1": 0.4308806038898183, "2": 1.9234792437637225, "4": 8.313691870658658, "8": 29.326049617957324, "16": 72.46064583817497}}