{"14": {"1": 1.557602298911661, "2": 5.313104791333899, "4": 17.652074890211225, "8": 50.39813540130854, "16": 106.846863088198}}