{"13": {"1": 1.7484342352254316, "2": 5.433458441868424, "4": 17.235237746033818, "8": 49.40925389621407, "16": 104.2169789460022}}