{"13": {"1": 12.537926325108856, "2": 33.29489758424461, "4": 80.87625068426132, "8": 150.97561532258987, "16": 210.6802060008049}}