{"15": {"1": 1.680917181132827, "2": 6.145715409656987, "4": 21.64754218934104, "8": 61.75686417426914, "16": 125.39348076656461}}