{"17": {"1": 0.1642947483342141, "2": 0.6303842308116145, "4": 2.646823484217748, "8": 10.082503511977848, "16": 30.71236567175947}}