{"15": {"1": 0.39251609425991774, "2": 1.317130753013771, "4": 4.832201573182829, "8": 16.76101085258415, "16": 46.94522234896431}}