{"12": {"1": 14.871961327269673, "2": 38.94432470574975, "4": 91.5970500856638, "8": 163.60330566763878, "16": 215.37969568371773}}