{"16": {"1": 0.6592312774155289, "2": 2.6346969780279323, "4": 10.690302733361023, "8": 35.59200135525316, "16": 85.9859846259933}}