{"12": {"1": 1.650460091419518, "2": 4.645447768736631, "4": 13.959799719974399, "8": 38.6117783440277, "16": 86.38944816705771}}