{"14": {"1": 2.212376858573407, "2": 7.637016735039651, "4": 25.06670757383108, "8": 67.4060913939029, "16": 133.38814601674676}}