{"12": {"1": 3.1750834395643324, "2": 9.062283597420901, "4": 26.336999979801476, "8": 65.97677882551216, "16": 126.03055272623897}}