{"18": {"1": 0.1367011527181603, "2": 0.6000612337666098, "4": 2.765526022994891, "8": 11.155337057367433, "16": 34.4062811943586}}