{"15": {"1": 0.56650000117952, "2": 1.9580600783228874, "4": 7.285571029293351, "8": 24.867943602614105, "16": 63.336262445896864}}