{"14": {"1": 9.758538098307326, "2": 28.376472121104598, "4": 72.92427937686443, "8": 144.0378619581461, "16": 204.46042327582836}}