{"14": {"1": 9.423026909353212, "2": 26.96919412817806, "4": 70.53678679466248, "8": 141.48137263953686, "16": 204.22644209861755}}