{"18": {"1": 0.47217240516329184, "2": 2.2633910278091207, "4": 10.40262025501579, "8": 37.41890517901629, "16": 92.32044571172446}}