{"18": {"1": 0.2736359690752579, "2": 1.3303897711448371, "4": 6.486445633228868, "8": 25.01079581771046, "16": 68.73669881164096}}