{"18": {"1": 0.28706724429503083, "2": 1.4117526022018865, "4": 6.7702521164901555, "8": 26.351236755261198, "16": 70.29649938782677}}