{"19": {"1": 0.1726482589947409, "2": 0.8891029795195209, "4": 4.4845421320642345, "8": 18.992712725652382, "16": 55.577949684346095}}