{"16": {"1": 0.364602329878835, "2": 1.4437570439185947, "4": 5.805301435175352, "8": 20.257307147374377, "16": 52.12607331969775}}