{"18": {"1": 0.4026655916532036, "2": 1.950945509801386, "4": 9.099189009983093, "8": 34.55530724208802, "16": 87.78850150853395}}