{"13": {"1": 1.2427471751580015, "2": 3.762857557623647, "4": 11.810332478024065, "8": 34.4821285745129, "16": 79.73246284923516}}