{"16": {"1": 0.5942715999262873, "2": 2.439644673722796, "4": 9.864603257272393, "8": 33.01350330282003, "16": 79.25073281896766}}