{"18": {"1": 0.14691493646387244, "2": 0.6446159079350764, "4": 2.987210856343154, "8": 12.654599983012304, "16": 37.56439000841783}}