{"18": {"1": 0.2728554794593947, "2": 1.2982129793381318, "4": 6.0852578862104565, "8": 23.360593310557306, "16": 63.22934140940197}}