{"18": {"1": 0.26028528802271467, "2": 1.2409889419213869, "4": 5.980975998914801, "8": 23.470215263660066, "16": 63.389504901715554}}