{"16": {"1": 1.8025864663068205, "2": 7.174536866135895, "4": 25.808597719296813, "8": 71.49539488740265, "16": 140.8733729198575}}