{"20": {"1": 0.4454115215339698, "2": 2.4076138904783875, "4": 11.867188496747985, "8": 43.165029540658, "16": 102.0190442558378}}