{"17": {"1": 3.721300782286562, "2": 14.248751710169017, "4": 47.10273666493595, "8": 111.78275460749865, "16": 181.16335800290108}}