{"13": {"1": 6.209628864657134, "2": 18.821390882134438, "4": 51.43075812980533, "8": 112.03391630202532, "16": 177.25824474170804}}