{"16": {"1": 0.45193906729400624, "2": 1.7621077573858202, "4": 7.0566444884752855, "8": 24.539257876109332, "16": 64.3446839924436}}