{"13": {"1": 1.4805338026490062, "2": 4.556383176706731, "4": 14.817571104504168, "8": 41.90060272440314, "16": 92.65175825956976}}