{"13": {"1": 1.199650777853094, "2": 3.662191967247054, "4": 11.903956154594198, "8": 35.039144792594016, "16": 82.46993421352818}}