{"19": {"1": 0.06826645865658065, "2": 0.30277024551469367, "4": 1.3756510879611596, "8": 5.8376534114577225, "16": 20.68183334544301}}