{"19": {"1": 0.2918650961801177, "2": 1.5797212549950927, "4": 8.009080857387744, "8": 30.936475000111386, "16": 79.82689845189452}}