{"13": {"1": 1.112646118446719, "2": 3.2304231540765613, "4": 10.106200353242457, "8": 29.77429400710389, "16": 69.68484976654872}}