{"15": {"1": 0.7073424172122031, "2": 2.564818015205674, "4": 9.601844646735117, "8": 30.894860212458298, "16": 75.14170315116644}}