{"14": {"1": 0.7030798140913248, "2": 2.218678836710751, "4": 7.4543442307040095, "8": 23.671177190262824, "16": 61.429901855124626}}