{"13": {"1": 1.4069100396009162, "2": 4.327710842248052, "4": 14.03864125488326, "8": 40.25915517937392, "16": 85.6215904741548}}