{"19": {"1": 0.08937390544451773, "2": 0.4141724990331568, "4": 2.0259771804267075, "8": 8.790859805769287, "16": 29.03121751989238}}