{"16": {"1": 5.421017691260204, "2": 18.47677580593154, "4": 56.03430752456188, "8": 125.13306678086519, "16": 192.0535664409399}}