{"14": {"1": 9.896654486190528, "2": 28.5687938304618, "4": 72.9598680138588, "8": 142.34629748016596, "16": 203.39625357091427}}