{"15": {"1": 0.4135694655997213, "2": 1.3856514487415552, "4": 5.107596732210368, "8": 17.360695102950558, "16": 48.293453367077745}}