{"12": {"1": 5.03760975273326, "2": 14.559250397607684, "4": 41.16976251080632, "8": 94.40056873485446, "16": 160.52348244562745}}