{"13": {"1": 5.193514483049512, "2": 15.884037993848324, "4": 45.601906107738614, "8": 104.6648109741509, "16": 174.24888007342815}}