{"20": {"1": 0.05196594318840653, "2": 0.26830968415015377, "4": 1.454793172510108, "8": 6.937308190012118, "16": 24.174313277588226}}