{"16": {"1": 2.0240865841624327, "2": 7.54856212658342, "4": 26.351643048226833, "8": 73.06778410077095, "16": 141.5245077703148}}