{"20": {"1": 0.05523745478421915, "2": 0.28132118421490304, "4": 1.530422972748056, "8": 7.2758372627722565, "16": 24.224504784098826}}