{"19": {"1": 0.05876135108701419, "2": 0.2560776177124353, "4": 1.2074251640588045, "8": 5.165941221435787, "16": 17.89354983487283}}