{"18": {"1": 1.0295008219545707, "2": 4.61587104818318, "4": 19.31566006410867, "8": 60.123103640042245, "16": 127.1624249657616}}