{"20": {"1": 0.059079974809719715, "2": 0.2997866041841917, "4": 1.6430806582502555, "8": 7.666067807018408, "16": 24.701676731696352}}