{"12": {"1": 2.373867421410978, "2": 6.929865266662091, "4": 20.663751505315304, "8": 54.31540517695248, "16": 108.50927826575935}}