{"17": {"1": 0.7139069473196287, "2": 3.1497257145820186, "4": 13.165383043698967, "8": 44.03963108966127, "16": 101.64179726038128}}