{"18": {"1": 0.09756414698131266, "2": 0.3975567585512181, "4": 1.7602835643920116, "8": 7.055436406575609, "16": 22.784091684978193}}