{"19": {"1": 2.0856996651855297, "2": 9.247602169401944, "4": 35.59552056156099, "8": 95.6755156442523, "16": 166.17171827703714}}