{"15": {"1": 1.039418972155545, "2": 3.8326449405867606, "4": 13.793574970914051, "8": 42.27507041115314, "16": 94.05260966997594}}