{"20": {"1": 0.07266833744142787, "2": 0.3855059788329527, "4": 2.0360156809620094, "8": 9.728480310877785, "16": 32.7433879810269}}