{"20": {"1": 0.4195709391933633, "2": 2.3409658446907997, "4": 11.984045912045985, "8": 44.22547207120806, "16": 104.58252320811152}}