{"14": {"1": 0.9548577811801806, "2": 3.1480055472347885, "4": 10.747140299994498, "8": 33.220264228992164, "16": 78.43552497588098}}