{"17": {"1": 0.6500778751214966, "2": 2.9139783296268433, "4": 12.228475482668728, "8": 41.16216238285415, "16": 97.63756863633171}}