{"19": {"1": 0.6743273055180907, "2": 3.3794528977014124, "4": 15.334551922278479, "8": 50.64327943138778, "16": 111.9410051535815}}