{"20": {"1": 0.03400734335264133, "2": 0.1547772604826605, "4": 0.7734094141924288, "8": 3.4032994172011968, "16": 11.904078497973387}}