{"20": {"1": 1.9510481744073331, "2": 9.011317397933453, "4": 35.428066993132234, "8": 94.55661093816161, "16": 163.90370611846447}}