{"19": {"1": 0.3071993620978901, "2": 1.58136675748392, "4": 7.875762893934734, "8": 31.166984817224147, "16": 82.73151627986226}}