{"17": {"1": 0.43821403017500415, "2": 1.9713357004802674, "4": 8.556707193725742, "8": 30.434177768533118, "16": 78.64864144979583}}