{"13": {"1": 12.209459103643894, "2": 32.39300900325179, "4": 79.19142025709152, "8": 149.35967909544706, "16": 209.8379346728325}}