{"12": {"1": 1.8617148445919156, "2": 5.16868137428537, "4": 15.223739507142454, "8": 40.85147660737857, "16": 87.0937085468322}}