{"13": {"1": 1.3198526960331947, "2": 3.9412897365400568, "4": 12.667607036419213, "8": 37.62411029567011, "16": 85.04343605355825}}