{"14": {"1": 0.6621597178454977, "2": 2.0911239722627215, "4": 7.1309834364801645, "8": 22.380126493633725, "16": 57.78543035988696}}