{"16": {"1": 1.9202031262684613, "2": 7.420331770787016, "4": 26.720468576066196, "8": 73.70477327518165, "16": 141.98238916695118}}