{"12": {"1": 1.751940157613717, "2": 4.825613801833242, "4": 14.046564158983529, "8": 38.86472308635712, "16": 88.28145001691882}}