{"12": {"1": 1.9855601431336254, "2": 5.685080396011472, "4": 17.119047278538346, "8": 45.02602150011808, "16": 95.7449643551372}}