{"20": {"1": 1.5493960214953404, "2": 7.453425486572087, "4": 30.814206168055534, "8": 87.39859588630497, "16": 158.60035739839077}}