{"19": {"1": 2.287433925550431, "2": 9.900130677502602, "4": 36.976232750341296, "8": 96.9356140345335, "16": 165.17517179250717}}