{"18": {"1": 0.14152678370737704, "2": 0.6276131312188227, "4": 2.8807648736983538, "8": 11.746063756931107, "16": 35.00012029056961}}