{"13": {"1": 1.1717163991415873, "2": 3.451282249065116, "4": 10.796547125093639, "8": 31.403299257159233, "16": 74.5810564821586}}