{"16": {"1": 4.584680863190442, "2": 16.513517804443836, "4": 51.925380205735564, "8": 116.78033966571093, "16": 183.07130113244057}}