{"15": {"1": 0.4137314897379838, "2": 1.4005256805103272, "4": 5.079515556572005, "8": 16.955168779939413, "16": 46.05566704040393}}