{"15": {"1": 0.43833051473484375, "2": 1.4868648247793317, "4": 5.606243113987148, "8": 19.22149621648714, "16": 51.04251545155421}}