{"13": {"1": 1.4838680508546531, "2": 4.553033680655062, "4": 14.60058015678078, "8": 41.90893299598247, "16": 88.96981123648584}}