{"17": {"1": 1.4277627568808384, "2": 5.94096730905585, "4": 22.940283372998238, "8": 65.7488664034754, "16": 132.49537026323378}}