{"16": {"1": 0.6290818760753609, "2": 2.554535771429073, "4": 10.034879269136582, "8": 33.488289958797395, "16": 80.53832241334021}}