{"18": {"1": 0.9418077313457616, "2": 4.313078641775064, "4": 17.9661710485816, "8": 55.779951565898955, "16": 116.49558669514954}}