{"14": {"1": 1.141451652511023, "2": 3.902846261160448, "4": 13.427465052343905, "8": 40.46471927128732, "16": 90.62318623578176}}