{"17": {"1": 0.3060725287650712, "2": 1.3272655870823655, "4": 5.845657394384034, "8": 21.59572507836856, "16": 56.64022514768294}}