{"15": {"1": 0.7324143141158856, "2": 2.689088524086401, "4": 10.179605397745036, "8": 32.54662840766832, "16": 76.72841361537576}}