{"15": {"1": 0.75691362953512, "2": 2.713279453571886, "4": 9.877308008726686, "8": 31.69031797675416, "16": 77.6044620439352}}