{"20": {"1": 0.453301499816007, "2": 2.434137701129657, "4": 11.85150673170574, "8": 42.92975954758003, "16": 99.30518388841301}}