{"13": {"1": 5.77812976995483, "2": 17.357602967880666, "4": 48.205807307735085, "8": 107.1075187176466, "16": 173.22964822128415}}