{"20": {"1": 0.47393340336566325, "2": 2.6152793974033557, "4": 12.860243398696184, "8": 46.14475804567337, "16": 107.66291432268918}}