{"16": {"1": 0.4662970924109686, "2": 1.794950592215173, "4": 7.1891808055806905, "8": 25.34727968578227, "16": 66.54750254750252}}