{"20": {"1": 0.4570134269888513, "2": 2.496758588065859, "4": 12.387532881926745, "8": 44.95067199296318, "16": 104.68943521566689}}