{"16": {"1": 1.1005128920660354, "2": 4.327790804905817, "4": 16.627057189121842, "8": 51.47512298915535, "16": 112.09223321639001}}