{"18": {"1": 0.47092760575469583, "2": 2.2936410473193973, "4": 10.478582218755037, "8": 36.7651504073292, "16": 89.15460551297292}}