{"17": {"1": 0.6955264733405784, "2": 3.124235266353935, "4": 13.278847507666796, "8": 44.0652428441681, "16": 102.5940296575427}}