{"16": {"1": 1.1072272604797035, "2": 4.384242392727174, "4": 16.61118864477612, "8": 52.98637307458557, "16": 114.69543633796275}}