{"17": {"1": 0.18518149113515392, "2": 0.7402396905818023, "4": 3.1934583875117823, "8": 12.386246515670791, "16": 37.82592964137439}}