{"14": {"1": 9.259407276753336, "2": 27.330862185917795, "4": 71.54277959093451, "8": 141.99872547388077, "16": 202.14972038567066}}