{"12": {"1": 3.628644634736702, "2": 10.36642179498449, "4": 30.166168447583914, "8": 75.2708177473396, "16": 140.60676335170865}}