{"18": {"1": 1.0845539657748304, "2": 4.792577392887324, "4": 19.588585271965712, "8": 61.26056395471096, "16": 128.0766408033669}}