{"12": {"1": 8.37489305390045, "2": 23.516433788463473, "4": 60.10151984915137, "8": 123.3705322034657, "16": 188.1639547944069}}