{"18": {"1": 0.4869035178562626, "2": 2.3202542305807583, "4": 10.516514281742275, "8": 38.75850483030081, "16": 96.9105858206749}}