{"12": {"1": 4.989703685045242, "2": 14.478183566592634, "4": 39.974791852757335, "8": 91.34234431385994, "16": 157.32327245175838}}