{"16": {"1": 0.6487596819060855, "2": 2.637152698705904, "4": 10.451972188660875, "8": 34.96487370482646, "16": 85.85486724064685}}