{"12": {"1": 4.771841585403308, "2": 13.80178555008024, "4": 38.85014776792377, "8": 90.41024927422404, "16": 157.58408338576555}}