{"20": {"1": 0.07782536415470531, "2": 0.4269844095688313, "4": 2.400035020807991, "8": 11.049854794458952, "16": 35.38629262393806}}