{"20": {"1": 0.05605529087915784, "2": 0.2859728071562131, "4": 1.536038842779817, "8": 7.093467673636042, "16": 23.736161644104868}}