{"19": {"1": 0.6098559092351934, "2": 3.1210443400777876, "4": 14.21121981041506, "8": 47.25426103267819, "16": 104.35548861138523}}