{"20": {"1": 0.036662355552834924, "2": 0.17029691255447688, "4": 0.8566832192009315, "8": 3.8489702742081136, "16": 14.098178877291502}}