{"20": {"1": 0.04487334310761071, "2": 0.21759240643586963, "4": 1.1349852325511165, "8": 5.234682081063511, "16": 18.676113707013428}}