{"12": {"1": 17.183495685458183, "2": 42.28287812694907, "4": 93.39110650867224, "8": 162.43366299569607, "16": 214.59893414378166}}