{"14": {"1": 0.8013011474977247, "2": 2.54749226057902, "4": 8.596003161277622, "8": 26.764531587716192, "16": 65.56278859358281}}