{"15": {"1": 2.7734506278065965, "2": 9.908631682628766, "4": 32.51178304199129, "8": 83.20395593903959, "16": 150.3560109771788}}