{"16": {"1": 0.25204253997071646, "2": 0.9014321095310152, "4": 3.5635215499205515, "8": 12.827298779855482, "16": 37.11626302177319}}