{"20": {"1": 0.05405903980135918, "2": 0.2738188152870862, "4": 1.4834818407543935, "8": 7.12047858024016, "16": 24.62552696489729}}