{"13": {"1": 1.7034541188040748, "2": 5.343991159228608, "4": 17.170570075511932, "8": 48.422249094583094, "16": 102.43027719762176}}