{"16": {"1": 0.9241988299763761, "2": 3.7695846039569005, "4": 14.843375532422215, "8": 46.57891027536243, "16": 104.765789472498}}