{"18": {"1": 0.42669898409803864, "2": 2.0682103829458356, "4": 9.6491651305696, "8": 34.627075967844576, "16": 86.03125657513738}}