{"17": {"1": 1.3183844547020271, "2": 5.677670799661428, "4": 22.58239720761776, "8": 66.36920218914747, "16": 132.06386595591903}}