{"20": {"1": 0.23307921084051486, "2": 1.279686791676795, "4": 6.5403263524058275, "8": 26.596804632805288, "16": 73.91993276227731}}