{"14": {"1": 0.6975568565540016, "2": 2.158915934385732, "4": 7.233897637808695, "8": 22.64628770784475, "16": 58.076658794190735}}