{"12": {"1": 5.19145449064672, "2": 15.16798210144043, "4": 41.5680226739496, "8": 96.2326281517744, "16": 165.7957224920392}}