{"18": {"1": 0.14022441559063736, "2": 0.6157507859170437, "4": 2.797329173597973, "8": 11.581360982381739, "16": 35.9010873734951}}