{"20": {"1": 0.0478593476509559, "2": 0.23183068168873433, "4": 1.2081889245018829, "8": 5.560396324333851, "16": 19.811418644385412}}