{"20": {"1": 0.11887935538106831, "2": 0.6601093512217631, "4": 3.7310027131752577, "8": 16.66592534724623, "16": 50.04769381909864}}