{"19": {"1": 0.07286213702172972, "2": 0.33253771463932935, "4": 1.5905753224506043, "8": 7.000565704249311, "16": 23.35603025375167}}