{"15": {"1": 0.7406412730924785, "2": 2.7145659432862885, "4": 10.017807412426919, "8": 32.15736853284761, "16": 78.22610536403954}}