{"20": {"1": 1.9742158028529957, "2": 9.140323641244322, "4": 35.42249371483922, "8": 95.40108042955399, "16": 164.87086943536997}}