{"18": {"1": 0.1800751590053551, "2": 0.8475454032304697, "4": 3.9410537803778425, "8": 16.15421580662951, "16": 48.157575064804405}}