{"17": {"1": 1.376037018664647, "2": 5.943670326261781, "4": 22.510041082277894, "8": 65.77330439724028, "16": 131.49624736234546}}