{"20": {"1": 0.4835693209024612, "2": 2.5997249032370746, "4": 12.639582343865186, "8": 45.99060944095254, "16": 107.17658353596926}}