{"15": {"1": 7.119145684875548, "2": 22.79214077629149, "4": 64.55915925838053, "8": 132.19797822088003, "16": 192.6475631147623}}