{"13": {"1": 1.223281757091172, "2": 3.6614305910188705, "4": 11.645900203846395, "8": 35.00361956562847, "16": 82.84907287731767}}