{"14": {"1": 2.268696030252613, "2": 7.645296410424635, "4": 25.013854230754077, "8": 66.94913785345852, "16": 129.95325175486505}}