{"12": {"1": 2.746289318660274, "2": 7.937966300174594, "4": 23.821294005960226, "8": 63.656867165118456, "16": 124.0649462454021}}