{"12": {"1": 8.544722282793373, "2": 23.259514052420855, "4": 59.48857617750764, "8": 123.31984228640795, "16": 188.1755556985736}}