{"20": {"1": 0.03664198153273901, "2": 0.16851302824215963, "4": 0.8174650491273496, "8": 3.711627713033522, "16": 13.942985488189152}}