{"16": {"1": 1.0899600325501524, "2": 4.401653341483325, "4": 16.668718689936213, "8": 51.03648625034839, "16": 110.77705526846694}}