{"20": {"1": 0.2005429032506072, "2": 1.123216575011611, "4": 6.106801286805421, "8": 25.902547258650884, "16": 70.8993061222136}}