{"16": {"1": 0.6835084356134757, "2": 2.7904495239490643, "4": 11.280085903592408, "8": 37.19781960803084, "16": 87.3196382606402}}