{"20": {"1": 0.20406910168094328, "2": 1.1443458182766335, "4": 6.309012486453867, "8": 26.620448246598244, "16": 74.39514241111465}}