{"14": {"1": 1.1638553253142163, "2": 3.9650741445366293, "4": 13.81885216734372, "8": 42.298583997413516, "16": 96.54314543213695}}