{"15": {"1": 0.6080032461904921, "2": 2.2104473072104156, "4": 8.370846497127786, "8": 27.94637920241803, "16": 69.04594032680325}}