{"17": {"1": 0.15134466036397498, "2": 0.5704305898107123, "4": 2.337774016952608, "8": 8.619287610992615, "16": 26.095379651062103}}