{"15": {"1": 0.9987609026138671, "2": 3.671670799376443, "4": 13.406962806824595, "8": 42.24062229227275, "16": 96.90421889768913}}