{"13": {"1": 6.214210502104834, "2": 18.68979490874335, "4": 51.55501525849104, "8": 113.6261492036283, "16": 181.75203263014555}}