{"20": {"1": 0.08557516358996509, "2": 0.46842018132156227, "4": 2.540076965931803, "8": 12.037838991498575, "16": 39.26733124733437}}