{"14": {"1": 3.94789691909682, "2": 13.115984516218305, "4": 39.54404551163316, "8": 94.77054158970714, "16": 165.05285377427936}}