{"18": {"1": 2.762775128299836, "2": 11.278748768381774, "4": 40.265401704236865, "8": 101.68536702543497, "16": 172.58085169643164}}