{"17": {"1": 0.2336373752914369, "2": 0.9597993367933668, "4": 4.087232059449889, "8": 15.510337324844386, "16": 44.787706387927756}}