{"14": {"1": 8.715763769578189, "2": 26.11814788263291, "4": 69.8031314574182, "8": 140.72345315665007, "16": 202.74547970294952}}