{"12": {"1": 2.4043726443778723, "2": 6.905988146085292, "4": 20.628738618455827, "8": 53.70299617131241, "16": 107.68555194383953}}