{"16": {"1": 1.1768638150242623, "2": 4.747355506231543, "4": 17.604208086035214, "8": 53.01534233149141, "16": 110.96575941541232}}