{"15": {"1": 1.7926939669414423, "2": 6.459090007585473, "4": 21.929605994548183, "8": 61.91730599082075, "16": 126.05499573145062}}