{"18": {"1": 0.6325298896263121, "2": 3.060073528555222, "4": 13.396360923885368, "8": 45.66385791101493, "16": 107.83800706965849}}