{"18": {"1": 0.6032116820570081, "2": 2.9109700373373926, "4": 12.6876097771692, "8": 43.087076661759056, "16": 100.61074395281321}}