{"17": {"1": 0.8899061385454843, "2": 3.7840842019068077, "4": 15.843955622724025, "8": 53.206688844482414, "16": 116.4155764527386}}