{"16": {"1": 1.1423570307597402, "2": 4.852851195842959, "4": 18.451583589660004, "8": 54.99945730820764, "16": 118.89765461953357}}