{"17": {"1": 0.7214329711423488, "2": 3.2420855170930736, "4": 13.708926253792015, "8": 45.5706566645531, "16": 105.5267131223809}}