{"13": {"1": 3.5146512124338187, "2": 11.142731903586537, "4": 33.039400764741, "8": 82.36176889901981, "16": 149.07758155837655}}