{"12": {"1": 4.9623174633597955, "2": 14.375609469600022, "4": 39.80980504490435, "8": 90.9945872813696, "16": 154.92025135154836}}