{"18": {"1": 0.523322544824623, "2": 2.4996472807542887, "4": 11.216940734884702, "8": 40.122137596597895, "16": 97.9809001092799}}