{"15": {"1": 1.6777191157452762, "2": 6.387908368371427, "4": 22.354483590461314, "8": 62.6463515907526, "16": 127.86982613045257}}