{"13": {"1": 3.638716844841838, "2": 11.309224399970844, "4": 33.21753768576309, "8": 82.35563073656522, "16": 150.4841649029404}}