{"18": {"1": 0.6301709335893975, "2": 2.9922534723300487, "4": 13.123877361678751, "8": 43.99153682816541, "16": 102.5521936576697}}