{"17": {"1": 0.8255589084437815, "2": 3.605823910620529, "4": 14.211014594708104, "8": 46.50568477046909, "16": 110.62229151598876}}