{"13": {"1": 3.2990618948824704, "2": 10.650496651651338, "4": 32.66040983656421, "8": 80.07634527562186, "16": 143.70190827548504}}