{"17": {"1": 0.13991538073605625, "2": 0.5658732356096152, "4": 2.408389390038792, "8": 9.274079604714643, "16": 27.66281464176427}}