{"13": {"1": 0.8866990471724421, "2": 2.7053821170702577, "4": 8.867720968555659, "8": 26.548743572377134, "16": 63.04147227701469}}