{"14": {"1": 0.5327721570502035, "2": 1.7748398809344508, "4": 6.149600138654932, "8": 19.648534353240393, "16": 50.24815813690657}}