{"19": {"1": 0.054519423150850344, "2": 0.257211598327558, "4": 1.2583134690357838, "8": 5.538557388354093, "16": 18.988562648097286}}