{"19": {"1": 0.052696890492370585, "2": 0.2553360039019026, "4": 1.287640142152668, "8": 5.595064500812441, "16": 19.472172898473218}}