{"18": {"1": 0.08086040274065454, "2": 0.36454608614440076, "4": 1.7149217394762672, "8": 7.159631150891073, "16": 23.294663134365692}}