{"17": {"1": 0.12613407632306917, "2": 0.5180086345935706, "4": 2.2093526856042445, "8": 8.306746732327156, "16": 25.221491299118497}}