{"16": {"1": 0.21830572083126754, "2": 0.8307293999823742, "4": 3.235800258029485, "8": 11.761429089790909, "16": 34.347827616671566}}