{"17": {"1": 0.13777781929820776, "2": 0.5678616200748365, "4": 2.442367937648669, "8": 9.479980620613787, "16": 27.692429496230034}}