{"12": {"1": 1.3991102338768542, "2": 3.9528544081840664, "4": 11.664618950802833, "8": 32.48483874159865, "16": 71.96420849920833}}