{"20": {"1": 0.0346089287140785, "2": 0.175868676364189, "4": 0.9239178110728972, "8": 4.292073563643498, "16": 15.494810350159241}}