{"19": {"1": 0.05567012281608186, "2": 0.2618198928248603, "4": 1.2720864749280736, "8": 5.494526256865356, "16": 19.51666582881444}}