{"18": {"1": 0.08076661591621814, "2": 0.35252579291409347, "4": 1.6105300789349712, "8": 6.962631443151622, "16": 23.685809935950147}}