{"18": {"1": 0.08332495523063699, "2": 0.36532728325983044, "4": 1.6794404695101548, "8": 6.790511921455618, "16": 22.353694598517905}}