{"20": {"1": 0.03373739431663125, "2": 0.17211218825832475, "4": 0.9112981632788433, "8": 4.166245753691328, "16": 15.62465914110362}}