{"15": {"1": 0.33147811552044004, "2": 1.1826406488544308, "4": 4.490690125385299, "8": 15.410167920868844, "16": 40.61079540612991}}