{"19": {"1": 0.05058390438716742, "2": 0.2358726856909925, "4": 1.187031351524638, "8": 5.545262003710377, "16": 19.455547421913252}}