{"12": {"1": 1.422410331084393, "2": 3.969716703519225, "4": 11.615212906617671, "8": 31.38605573074892, "16": 70.51784074591706}}