{"20": {"1": 0.033545587151820655, "2": 0.17052501057332847, "4": 0.9006502494739834, "8": 4.328504542034352, "16": 15.737132487975941}}