{"14": {"1": 0.5220419161778409, "2": 1.7421467693056911, "4": 6.193586584413424, "8": 19.407039504905697, "16": 50.13019504456315}}