{"14": {"8": 92.09119663387537, "16": 161.76002757251263, "18": 172.26758928596973, "20": 178.32863481342793, "22": 185.28077447414398, "24": 194.82202227413654}}