{"14": {"8": 40.4035421628505, "16": 92.12842600152362, "18": 102.31037039551302, "20": 110.92833339987556, "22": 118.718994544819, "24": 116.04696086992044}}