{"18": {"8": 16.240500084822997, "16": 48.497759992373176, "18": 56.10149852075847, "20": 63.06393526561442, "22": 68.42733404575847, "24": 67.0088974446835}}