{"15": {"8": 83.14144794270396, "16": 152.90962619706988, "18": 163.53287960216403, "20": 169.63271920755506, "22": 176.6545453108847, "24": 186.5237898323685}}