{"14": {"8": 95.42853416502476, "16": 166.32323069870472, "18": 176.5286070331931, "20": 182.36180741339922, "22": 189.0506931245327, "24": 198.1847340464592}}