{"19": {"8": 96.9356140345335, "16": 165.17517179250717, "18": 172.04060442000628, "20": 178.02162907086313, "22": 186.27167597599328, "24": 190.2371494062245}}