{"17": {"8": 11.971563676779624, "16": 35.47443084514089, "18": 39.52590312137909, "20": 34.48567943347189, "22": 48.941615086616366, "24": 53.6134331333742}}