{"12": {"8": 43.831740961410105, "16": 95.622409327887, "18": 105.54420316265896, "20": 83.6075819437392, "22": 121.69247484579682, "24": 125.75859447568655}}