{"12": {"8": 51.09937950409949, "16": 105.4429818149656, "18": 115.88147199805826, "20": 125.00098325684667, "22": 117.31387727800757, "24": 129.96824295260012}}