{"15": {"8": 32.94766939128749, "16": 79.58163424162194, "18": 88.61212943668943, "20": 96.51277605467476, "22": 102.5594581591431, "24": 101.3593468030449}}