{"15": {"8": 19.22149621648714, "16": 51.04251545155421, "18": 57.870806521968916, "20": 42.17674642696511, "22": 70.19697789032944, "24": 73.83860832522623}}