{"15": {"8": 20.143411172088236, "16": 54.58000528020784, "18": 61.24871405912563, "20": 53.04099336802028, "22": 73.83563899708679, "24": 79.18755668689846}}