{"12": {"8": 44.75031370553188, "16": 95.36080674827099, "18": 104.25851332210004, "20": 93.56638293433934, "22": 119.84998199157417, "24": 125.97167326137424}}