{"17": {"8": 68.89408050663769, "16": 138.10354085452855, "18": 149.42731538042426, "20": 155.95103989727795, "22": 163.65642226673663, "24": 173.7342823985964}}