{"18": {"8": 6.81588879271294, "16": 21.3764074385399, "18": 24.966392722562887, "20": 16.8966083972482, "22": 32.09067967481678, "24": 35.349263516953215}}