{"12": {"8": 63.656867165118456, "16": 124.0649462454021, "18": 134.58950970694423, "20": 143.47413872554898, "22": 150.51939500344452, "24": 149.41656528506428}}