{"15": {"8": 59.57185993529856, "16": 123.00567017868161, "18": 133.64867831394076, "20": 140.4163174033165, "22": 148.46578715741634, "24": 156.7893966473639}}