{"15": {"8": 20.987373734475113, "16": 55.87114280369133, "18": 62.50060591986403, "20": 54.26141626853496, "22": 75.32825221726671, "24": 80.83005149429664}}