{"12": {"8": 75.34550138562918, "16": 141.8959149159491, "18": 151.88368068635464, "20": 160.8317670226097, "22": 168.0111190378666, "24": 174.90619932115078}}