{"12": {"8": 59.319339752197266, "16": 115.98713470436633, "18": 126.06299119070172, "20": 135.0396407674998, "22": 141.57946987450123, "24": 141.16308048926294}}