{"13": {"8": 75.26076939702034, "16": 140.52481509698555, "18": 151.4602506311494, "20": 158.37785815460848, "22": 166.40090974461054, "24": 174.49677299289033}}