{"18": {"8": 7.3939201519824564, "16": 23.987256300635636, "18": 27.712689754669555, "20": 18.86873598297825, "22": 35.09282823605463, "24": 37.995833737950306}}