{"19": {"8": 14.730294747045264, "16": 45.36812452808954, "18": 52.49539689021185, "20": 58.765207280172035, "22": 64.7877207393758, "24": 62.60006044851616}}