{"15": {"8": 85.89642094448209, "16": 155.00848130136728, "18": 165.27482908964157, "20": 171.15164698660374, "22": 177.90465180575848, "24": 187.53074215352535}}