{"15": {"8": 83.90872566774487, "16": 151.25508300215006, "18": 161.43177879601717, "20": 167.44137704372406, "22": 174.53726004064083, "24": 184.17362682521343}}