{"17": {"8": 28.139494441449642, "16": 72.6662101248512, "18": 81.69462567707524, "20": 90.1263155657798, "22": 98.76603196654469, "24": 105.79033163934946}}