{"18": {"8": 9.038748586579459, "16": 28.389435267345107, "18": 32.44786468181701, "20": 27.386495814531372, "22": 40.74506777799979, "24": 44.19857337711437}}