{"12": {"8": 166.28114646673203, "16": 218.248853713274, "18": 222.4541471004486, "20": 225.78470945358276, "22": 230.11731332540512, "24": 232.1497195661068}}