{"17": {"8": 9.314496228587814, "16": 28.08231697313022, "18": 32.424419948249124, "20": 22.43483045278117, "22": 40.74697128852131, "24": 43.769623071770184}}