{"18": {"8": 35.400936274789274, "16": 88.01336649712175, "18": 98.69636140577495, "20": 105.63989919237792, "22": 114.14556635916233, "24": 123.0692165531218}}