{"12": {"8": 117.88108260929585, "16": 184.56629234552383, "18": 193.51560120284557, "20": 198.58681900799274, "22": 204.10187143087387, "24": 211.88012258708477}}