{"19": {"8": 4.9722829114762135, "16": 17.338698714534985, "18": 20.43918879806006, "20": 13.49044207809493, "22": 26.762907272932352, "24": 29.56650718318997}}