{"19": {"8": 5.146275072242133, "16": 18.24679300103162, "18": 21.54339670360787, "20": 14.150332207267638, "22": 28.255644338030834, "24": 31.360374190378934}}