{"14": {"8": 31.54709827096667, "16": 75.1892757571768, "18": 84.21892951510381, "20": 92.77899990766309, "22": 85.98814561974723, "24": 97.6108961221762}}