{"19": {"8": 13.170197868952528, "16": 41.07704713754356, "18": 47.45081571151968, "20": 53.11121473246021, "22": 57.837613882639744, "24": 56.17753136836109}}