{"18": {"8": 58.39724429696798, "16": 124.6545489616692, "18": 136.04514499008656, "20": 142.7130045592785, "22": 150.74560749158263, "24": 161.45264915376902}}