{"16": {"8": 13.822228679084219, "16": 38.877117112395354, "18": 44.14367815142032, "20": 37.5231962032849, "22": 53.91708057594951, "24": 57.76294536096975}}