{"16": {"8": 15.493242093129084, "16": 43.05091114381503, "18": 48.446935514803044, "20": 41.680636571429204, "22": 59.427910703001544, "24": 64.23739264952019}}