{"18": {"8": 9.54036328280199, "16": 29.461847723141545, "18": 33.12174955528462, "20": 28.327932091400726, "22": 41.46871369541623, "24": 45.22140528133605}}