{"19": {"8": 95.6755156442523, "16": 166.17171827703714, "18": 173.81039674580097, "20": 180.17561903595924, "22": 189.04735334217548, "24": 193.25884595513344}}