{"15": {"8": 32.41725607868284, "16": 76.31072209170088, "18": 85.11238469230011, "20": 92.84301472618245, "22": 99.82773265475407, "24": 98.00201853038743}}