{"17": {"8": 27.556714325677603, "16": 69.51735141512472, "18": 77.86469826614484, "20": 85.95801449473947, "22": 94.03593317279592, "24": 100.80612662108615}}