{"15": {"8": 132.94376458972692, "16": 197.04352090507746, "18": 202.76227678358555, "20": 207.38924891501665, "22": 213.88126093149185, "24": 216.97860804200172}}