{"15": {"8": 32.15736853284761, "16": 78.22610536403954, "18": 87.63984255655669, "20": 95.678868441144, "22": 101.69459665939212, "24": 100.03732753661461}}