{"14": {"8": 95.21125269308686, "16": 162.8799731992185, "18": 172.6067377626896, "20": 178.0139461196959, "22": 184.0874729193747, "24": 192.57381336390972}}