{"16": {"8": 51.47512298915535, "16": 112.09223321639001, "18": 123.01947511732578, "20": 130.03831000253558, "22": 138.40660177078098, "24": 147.05529138352722}}