{"14": {"8": 144.61958941072226, "16": 205.36290998011827, "18": 210.59323924779892, "20": 215.06632570177317, "22": 220.82708019018173, "24": 223.57731548696756}}