{"17": {"8": 67.9845238942653, "16": 135.18932505324483, "18": 146.21313546667807, "20": 152.6566671691835, "22": 160.46170548070222, "24": 171.6927642726805}}