{"17": {"8": 9.888603660918307, "16": 30.175261845928617, "18": 34.999310901388526, "20": 24.136957878712565, "22": 44.43880203226581, "24": 48.12911273504142}}