{"14": {"8": 28.622723286855035, "16": 70.6788581283763, "18": 77.53845316101797, "20": 69.24149029236287, "22": 91.87562090391293, "24": 98.68013212457299}}