{"18": {"8": 61.26056395471096, "16": 128.0766408033669, "18": 139.07012015022337, "20": 145.50513624586165, "22": 153.23783868085593, "24": 163.67123682238162}}