{"15": {"8": 19.24272451014258, "16": 51.74805846856907, "18": 58.98491478525102, "20": 50.06303063221276, "22": 72.1036498802714, "24": 77.40919474419206}}