{"15": {"8": 131.30702308565378, "16": 196.3259035050869, "18": 202.28539989888668, "20": 207.09024259448051, "22": 213.6941205561161, "24": 216.90362346172333}}