{"13": {"8": 30.82752205338329, "16": 74.90347574930638, "18": 84.38041930412874, "20": 63.28180577326566, "22": 101.27978767547756, "24": 107.02854987746105}}