{"19": {"8": 4.798996534344042, "16": 16.29904617415741, "18": 19.14687951351516, "20": 12.712755298765842, "22": 24.981814072147245, "24": 27.76737371290801}}