{"19": {"8": 10.380571846471867, "16": 32.00383795113885, "18": 37.64626618285547, "20": 43.617517842852976, "22": 39.382746935705654, "24": 46.91390544816386}}