{"13": {"8": 113.6261492036283, "16": 181.75203263014555, "18": 190.63905499130487, "20": 195.63079921901226, "22": 201.25654058903456, "24": 209.3067007213831}}