{"18": {"8": 23.543016920564696, "16": 64.60510838613845, "18": 73.07761324348394, "20": 81.17417394247605, "22": 89.08120908787532, "24": 95.71294954227051}}