{"16": {"8": 72.49472488090396, "16": 140.7704563997686, "18": 152.12850492447615, "20": 158.8083138987422, "22": 166.79902064986527, "24": 177.89971172902733}}