{"19": {"8": 31.166984817224147, "16": 82.73151627986226, "18": 93.34691788745113, "20": 100.2490364043042, "22": 108.61416576514603, "24": 117.55466306408925}}