{"18": {"8": 63.6335286591202, "16": 130.9041591770947, "18": 142.10746090114117, "20": 148.6222251020372, "22": 156.38837326318026, "24": 166.94400965422392}}