{"19": {"8": 91.56471896544099, "16": 161.04952079430223, "18": 168.47208834812045, "20": 174.66328247636557, "22": 183.33430520817637, "24": 187.57565404102206}}