{"15": {"8": 32.54662840766832, "16": 76.72841361537576, "18": 85.54274172568694, "20": 93.10487037571147, "22": 100.03587916865945, "24": 97.95311818132177}}