{"16": {"8": 50.87708999309689, "16": 110.15411027241498, "18": 121.13337912969291, "20": 128.17424120288342, "22": 136.65869559533894, "24": 145.51722882967442}}