{"17": {"8": 30.166617854498327, "16": 77.6979152446147, "18": 87.16392635926604, "20": 95.51701906137168, "22": 104.45823941356502, "24": 111.31189333740622}}