{"12": {"8": 170.1130607649684, "16": 221.30637501180172, "18": 225.2416536360979, "20": 228.59738086163998, "22": 232.5514254271984, "24": 234.40268376469612}}