{"15": {"8": 131.0389292538166, "16": 194.41435900330544, "18": 200.47835893929005, "20": 205.4883523285389, "22": 212.09125701338053, "24": 215.21612863987684}}