{"16": {"8": 51.03648625034839, "16": 110.77705526846694, "18": 121.1954008549219, "20": 127.82257953181397, "22": 135.8493083434878, "24": 144.31828495999798}}