{"16": {"8": 75.60941740125418, "16": 144.37245206534863, "18": 155.36266501434147, "20": 161.87222689855844, "22": 169.52855352358893, "24": 179.85737988940673}}