{"17": {"8": 11.088425452937372, "16": 33.56937845877155, "18": 38.44622769593843, "20": 32.41666545192675, "22": 47.660703678438495, "24": 51.23063282277144}}