{"19": {"8": 18.992712429258972, "16": 55.57794985594228, "18": 63.455763694946654, "20": 70.88033276959322, "22": 78.81345918047009, "24": 85.15462980122538}}