{"17": {"8": 26.502788812387735, "16": 69.64662577258423, "18": 78.33711495553143, "20": 86.1401397944428, "22": 94.21558023127727, "24": 100.4232374462299}}