{"15": {"8": 61.1049278518185, "16": 125.52934687584639, "18": 136.53175854310393, "20": 143.45804085209966, "22": 151.4891163557768, "24": 159.67288882285357}}