{"14": {"8": 67.4960016887635, "16": 132.53648951649666, "18": 143.49272889271379, "20": 150.34016003087163, "22": 158.30315311066806, "24": 166.50607637315989}}