{"14": {"8": 54.58255788870156, "16": 113.47358894720674, "18": 123.62043531239033, "20": 132.73713094741106, "22": 141.3847179748118, "24": 148.68360531702638}}