{"19": {"8": 13.549487736774608, "16": 40.20462730451254, "18": 46.27341720863478, "20": 51.502170269872295, "22": 56.32162538805278, "24": 54.49589714151807}}