{"13": {"8": 34.4821285745129, "16": 79.73246284923516, "18": 87.89689131360501, "20": 77.94040089752525, "22": 102.49257332552224, "24": 108.96417763992213}}