{"15": {"8": 20.931311837397516, "16": 56.67481516546104, "18": 63.73919774708338, "20": 54.85244376398623, "22": 77.16977041773498, "24": 82.88295130478218}}