{"12": {"8": 62.36026445776224, "16": 119.90939752664417, "18": 129.48850836185738, "20": 137.46166698541492, "22": 144.45826803101227, "24": 142.5915438537486}}