{"15": {"8": 90.01778698712587, "16": 158.2993734627962, "18": 168.5221914499998, "20": 174.47547756135464, "22": 181.35686684399843, "24": 191.08666724711657}}