{"12": {"8": 78.20250925049186, "16": 145.3115574202966, "18": 155.35770044382662, "20": 163.9825657112524, "22": 171.6698912102729, "24": 178.15586101729423}}