{"16": {"8": 71.49539488740265, "16": 140.8733729198575, "18": 152.32226337864995, "20": 158.91766947507858, "22": 166.81453447416425, "24": 177.53606752119958}}