{"19": {"8": 8.790859819797333, "16": 29.031217346084304, "18": 34.27626444189809, "20": 39.66193311638199, "22": 35.09096603700891, "24": 42.43384781468194}}