{"18": {"8": 17.4621995894704, "16": 51.2256026417017, "18": 58.95685725542717, "20": 65.62414243433159, "22": 71.40104955772404, "24": 69.26038780523231}}