{"13": {"8": 62.164177088066936, "16": 125.20941686164588, "18": 135.32634812453762, "20": 144.3327675606124, "22": 152.25343871186487, "24": 159.4264927143231}}