{"18": {"8": 24.590854494599625, "16": 65.20469945389777, "18": 73.26886710632243, "20": 80.63735276434454, "22": 88.36108999454882, "24": 94.1915088907117}}