{"13": {"8": 105.45937609300017, "16": 170.60446996241808, "18": 179.98873103782535, "20": 185.43001322448254, "22": 191.47205359488726, "24": 199.95956552773714}}