{"18": {"8": 9.618069461081177, "16": 30.424495489976835, "18": 34.292169284191914, "20": 29.381241928378586, "22": 42.57707177076372, "24": 46.17561059340369}}