{"14": {"8": 41.183105170726776, "16": 92.99167836457491, "18": 102.64917899761349, "20": 110.88602735474706, "22": 118.38031823560596, "24": 116.12929489836097}}