{"17": {"8": 11.843880485626869, "16": 35.41753188153962, "18": 39.73535359714879, "20": 34.35141594085144, "22": 49.302043681265786, "24": 53.69674739520997}}