{"15": {"8": 81.22410493716598, "16": 149.60569254681468, "18": 160.0234968625009, "20": 166.11105920001864, "22": 173.29046261310577, "24": 182.9387564957142}}