{"18": {"8": 34.55530724208802, "16": 87.78850150853395, "18": 98.29774286597967, "20": 105.18897544406354, "22": 113.61514576524496, "24": 122.63611250091344}}