{"13": {"8": 37.724615599028766, "16": 87.63804742041975, "18": 96.27741323970258, "20": 85.6015035386663, "22": 112.0562953890767, "24": 118.6795649327687}}