{"13": {"8": 64.84553176909685, "16": 125.46541832387447, "18": 135.27197116427124, "20": 144.34006405808032, "22": 151.915565373376, "24": 158.85992775298655}}