{"16": {"8": 74.04852228425443, "16": 141.72496666014194, "18": 152.30590546131134, "20": 158.64092138409615, "22": 166.18285004794598, "24": 176.32708359509706}}