{"15": {"8": 42.864648355636746, "16": 98.4647300299257, "18": 108.40757430391386, "20": 117.47991929855198, "22": 126.70692358375527, "24": 134.309608898242}}