{"16": {"8": 27.794812448788434, "16": 71.47530776821077, "18": 80.33692106371745, "20": 88.21738042472862, "22": 94.16239538881746, "24": 92.94354757567635}}