{"18": {"8": 11.581360982381739, "16": 35.9010873734951, "18": 42.04418468591757, "20": 48.31274885684252, "22": 42.75992924091406, "24": 51.42622015345842}}