{"13": {"8": 41.42336339689791, "16": 91.62447680486366, "18": 101.83489023847505, "20": 111.30946174776182, "22": 103.60068568727002, "24": 116.19438854977489}}