{"13": {"8": 39.20801412174478, "16": 88.38783980999142, "18": 98.63670998066664, "20": 108.24979576840997, "22": 100.64443538244814, "24": 113.3072721362114}}