{"13": {"8": 147.66023027151823, "16": 207.16408351063728, "18": 212.48503324389458, "20": 216.98302797973156, "22": 222.53434370458126, "24": 225.2099490314722}}