{"18": {"8": 36.9067619391717, "16": 89.60661651100963, "18": 100.34638461470604, "20": 107.28109048772603, "22": 115.64107660204172, "24": 124.56604102626443}}