{"15": {"8": 24.212737313471735, "16": 59.886216120794415, "18": 68.15443911030889, "20": 76.27455051708966, "22": 69.99532691342756, "24": 80.68502701167017}}