{"12": {"8": 114.33199771493673, "16": 178.55747962743044, "18": 187.49545174837112, "20": 192.80175390839577, "22": 198.75311294198036, "24": 206.87669828534126}}