{"19": {"8": 9.493093358488295, "16": 30.28231041901745, "18": 35.53014718616032, "20": 41.11420178723347, "22": 36.8581066118204, "24": 44.107877701637335}}