{"13": {"8": 108.1011795848608, "16": 175.90666676685214, "18": 185.43606926128268, "20": 191.00059643387794, "22": 197.02159747853875, "24": 205.0736438371241}}