{"12": {"8": 78.87151586916298, "16": 141.29973218310624, "18": 151.143993454054, "20": 159.6591971013695, "22": 166.79285765439272, "24": 173.27875086665154}}