{"13": {"8": 40.25915517937392, "16": 85.6215904741548, "18": 94.61136745102704, "20": 103.05786024243571, "22": 96.47800307068974, "24": 108.00323797529563}}