{"13": {"8": 152.3152141571045, "16": 213.05944377183914, "18": 218.1855170428753, "20": 222.40602439641953, "22": 227.9232543706894, "24": 230.50454169511795}}