{"12": {"8": 123.3705322034657, "16": 188.1639547944069, "18": 196.5251025594771, "20": 201.10086992010474, "22": 206.0656040608883, "24": 213.4588892236352}}