{"19": {"8": 94.5783825032413, "16": 165.0534841120243, "18": 172.6331093236804, "20": 178.89215867966413, "22": 187.54358871281147, "24": 191.64470263570547}}