{"13": {"8": 34.97710369352717, "16": 80.14584052935243, "18": 87.71022098325193, "20": 78.56204721238464, "22": 101.40259954705834, "24": 107.21933545637876}}