{"19": {"8": 4.8763949162676, "16": 17.021553500148002, "18": 19.93031728139613, "20": 13.201032308104914, "22": 25.620884868025314, "24": 27.882048935629427}}