{"15": {"8": 16.220584279624745, "16": 44.03842879016884, "18": 50.16556050395593, "20": 36.07508346578106, "22": 61.24458667309955, "24": 64.65922920708545}}