{"15": {"8": 16.96863981115166, "16": 46.4218289940618, "18": 52.94089561954024, "20": 38.00677179987542, "22": 65.28061856987188, "24": 69.838056568522}}