{"3": {"1": {"c": [0.31547120355424435, -1.2044614922432668], "r": [0.005018713740534728]}, "2": {"c": [0.22079829942612428, -1.045632052989233], "r": [0.030479974895227826]}, "4": {"c": [0.1597912879217239, -1.25710181962876], "r": [0.04609853717281689]}, "8": {"c": [0.13202803475516184, -1.6998609474727082], "r": [0.22878715074219674]}, "16": {"c": [0.0, 0.0], "r": [0.0]}, "24": {"c": [0.0, 0.0], "r": [0.0]}, "30": {"c": [0.0, 0.0], "r": [0.0]}}, "4": {"1": {"c": [0.37072254930223736, -1.1775920050484774], "r": [0.0057213201564132185]}, "2": {"c": [0.29524497191111243, -1.383613904317217], "r": [0.019940449885685958]}, "4": {"c": [0.2114122765404838, -1.3936163272176465], "r": [0.007379440772560884]}, "8": {"c": [0.10120495728084022, -0.6368368353162492], "r": [0.0876822011395089]}, "16": {"c": [0.057762265205383294, -0.8086717128753658], "r": [0.28026425965919105]}, "24": {"c": [0.0, 0.0], "r": [0.0]}, "30": {"c": [0.0, 0.0], "r": [0.0]}}, "5": {"1": {"c": [0.4121619548116413, -1.2562514969280798], "r": [0.018249695586736295]}, "2": {"c": [0.3159481003170922, -1.1180114519028412], "r": [0.005992252903292235]}, "4": {"c": [0.24775009212039764, -1.424177649475278], "r": [0.014596329101275455]}, "8": {"c": [0.1914590682302203, -1.678000433104379], "r": [0.039441742802740924]}, "16": {"c": [0.12377628258296426, -1.4853153909955708], "r": [0.2573855445849713]}, "24": {"c": [0.09902102606637134, -1.3615391084126056], "r": [0.30886265350196596]}, "30": {"c": [0.0, 0.0], "r": [0.0]}}, "6": {"1": {"c": [0.4431676183428082, -1.3605021408625964], "r": [0.005301923179818986]}, "2": {"c": [0.35602216209684107, -1.3286159379141649], "r": [0.004632977813601827]}, "4": {"c": [0.28045637550808145, -1.5047680707204911], "r": [0.015855272173163806]}, "8": {"c": [0.18881305342628849, -1.2506068888164694], "r": [0.027947193489460034]}, "16": {"c": [0.1541402567000617, -1.5946605148769566], "r": [0.20962179887269508]}, "24": {"c": [0.13202803475516184, -1.6998609474727082], "r": [0.22878715074219674]}, "30": {"c": [0.12377628258296425, -1.6586021866117207], "r": [0.2573855445849712]}}, "7": {"1": {"c": [0.4529819374992734, -1.200511637188137], "r": [0.004373250174347643]}, "2": {"c": [0.37887234914870505, -1.3929028624580022], "r": [0.010331135066648975]}, "4": {"c": [0.3021177081834704, -1.5073248885926755], "r": [0.007789846969323399]}, "8": {"c": [0.2378361083212353, -1.7357510810806625], "r": [0.0037572080649240897]}, "16": {"c": [0.14237158071427122, -1.1244228964760183], "r": [0.06622546273771832]}, "24": {"c": [0.19539901756104974, -2.3208147060303457], "r": [0.1648362854247636]}, "30": {"c": [0.15756504308609742, -1.9583580380394343], "r": [0.2127631879870638]}}, "8": {"1": {"c": [0.46631365730648944, -1.1928639866056845], "r": [0.005749443048876906]}, "2": {"c": [0.39924602849142893, -1.4193067720958146], "r": [0.005888313103785677]}, "4": {"c": [0.3251700940586272, -1.5899804546719478], "r": [0.0025138660717359657]}, "8": {"c": [0.26018267302286063, -1.788797588575453], "r": [0.01650145152585385]}, "16": {"c": [0.20258667923155288, -1.833786987123035], "r": [0.04615436035617839]}, "24": {"c": [0.22015427407764265, -2.444590988613311], "r": [0.17358353572932916]}, "30": {"c": [0.19539901756104974, -2.3208147060303457], "r": [0.1648362854247636]}}, "9": {"1": {"c": [0.47093688874017636, -1.0912357284909229], "r": [0.0044233508332624785]}, "2": {"c": [0.4149663703782219, -1.4604775394712175], "r": [0.005494587755060184]}, "4": {"c": [0.3479801643462409, -1.717904681251162], "r": [0.0033075194228685055]}, "8": {"c": [0.2718585076786223, -1.7246685340290948], "r": [0.014900678778515971]}, "16": {"c": [0.2199142490114485, -1.9011845758983064], "r": [0.031496265754956884]}, "24": {"c": [0.2414555578004747, -2.676915957814171], "r": [0.14004280147849235]}, "30": {"c": [0.25113867578052346, -3.0474528698694137], "r": [0.14319312858958202]}}, "10": {"1": {"c": [0.49183264232817153, -1.2601506937117775], "r": [0.006228701906019851]}, "2": {"c": [0.41726070358639683, -1.3108809448423826], "r": [0.00922540815984245]}, "4": {"c": [0.362252468154544, -1.7602181150799698], "r": [0.010947532780475987]}, "8": {"c": [0.30652836958567314, -2.07046099503835], "r": [0.00940224176294665]}, "16": {"c": [0.260247534229642, -2.3311445996874856], "r": [0.02495659863948951]}, "24": {"c": [0.21706757659003847, -2.1089240369342606], "r": [0.10319887042786789]}, "30": {"c": [0.2394621372222902, -2.642496585845948], "r": [0.1641146773729352]}}}