{"16": {"8": 15.622081425855868, "16": 45.77334271982545, "18": 51.60141598730115, "20": 44.11032051935035, "22": 62.77673449751455, "24": 67.59433841030113}}