{"13": {"8": 78.60897633805871, "16": 143.99235100811347, "18": 154.72948627639562, "20": 161.58895490784198, "22": 169.523483928293, "24": 177.3714096751064}}