{"13": {"8": 107.42418136447668, "16": 175.618976123631, "18": 184.81144730746746, "20": 190.1071616485715, "22": 196.04974646121264, "24": 204.0512400045991}}