{"19": {"8": 96.16764570772648, "16": 166.04102961719036, "18": 173.57822033762932, "20": 180.02635890245438, "22": 189.0432488322258, "24": 193.39240165054798}}