{"19": {"8": 52.9413727382198, "16": 115.99011160153896, "18": 127.1838727556169, "20": 133.8312147203833, "22": 142.01507745776325, "24": 153.1118861529976}}