{"13": {"8": 47.35262328060344, "16": 99.66047743451782, "18": 109.08348298212513, "20": 117.52282059355639, "22": 124.64524335032911, "24": 123.20817201992031}}