{"16": {"8": 28.2010225339327, "16": 69.36208148673177, "18": 77.3488883812679, "20": 84.13063731327566, "22": 90.2693454567343, "24": 88.32187006899039}}