{"15": {"8": 89.01139296218753, "16": 160.02061001211405, "18": 170.58622331172228, "20": 176.66332452744246, "22": 183.58655317127705, "24": 192.76351115107536}}