{"13": {"8": 50.76690458878875, "16": 106.09871252207085, "18": 115.97610522294417, "20": 124.27830576803535, "22": 131.53969689179212, "24": 130.0129280644469}}