{"18": {"8": 59.78575699683279, "16": 124.92599513567984, "18": 135.84392474591732, "20": 142.3610901813954, "22": 150.34368176851422, "24": 161.24043992627412}}