{"14": {"8": 31.093223634175956, "16": 71.77465908881277, "18": 80.6529973205179, "20": 89.39729397464544, "22": 82.3771172570996, "24": 94.01371650304645}}