{"19": {"8": 9.380058210721472, "16": 29.71521025884431, "18": 34.91001214738935, "20": 40.40056262385042, "22": 35.81583029480316, "24": 43.02879250032129}}