{"15": {"8": 17.360695102950558, "16": 48.293453367077745, "18": 55.10371443233453, "20": 39.615497231832705, "22": 67.67211690964177, "24": 71.32439428637736}}