{"14": {"8": 51.97676107249572, "16": 109.32715305220336, "18": 118.84159432211891, "20": 127.48615047894418, "22": 135.94522786105517, "24": 143.00651231512893}}