{"16": {"8": 26.715022795600817, "16": 68.14395224791951, "18": 76.80830864689779, "20": 84.3338185158209, "22": 90.2403762388276, "24": 88.75219703093171}}