{"18": {"8": 7.223972672596574, "16": 22.506007980322465, "18": 26.053601748892106, "20": 18.08319783641491, "22": 33.03291116270702, "24": 36.00356057099998}}