{"12": {"8": 91.34234431385994, "16": 157.32327245175838, "18": 167.8679390847683, "20": 174.68235182762146, "22": 182.60676935315132, "24": 190.47213861346245}}