{"13": {"8": 44.4423035425134, "16": 96.73973467294127, "18": 107.03178300056607, "20": 116.31063174270093, "22": 108.55114978644997, "24": 121.36542042344809}}