{"16": {"8": 125.13306678086519, "16": 192.0535664409399, "18": 198.2759724110365, "20": 203.29876808822155, "22": 210.24818441271782, "24": 213.56930831074715}}