{"14": {"8": 67.35595890507102, "16": 132.88514321483672, "18": 143.85087919980288, "20": 150.96370097622275, "22": 159.45898711308837, "24": 168.13110208511353}}