{"19": {"8": 6.786269091651775, "16": 22.93121053604409, "18": 26.220046135480516, "20": 21.949958825891372, "22": 33.04110106895678, "24": 35.9507240219973}}