{"19": {"8": 4.711245045182295, "16": 15.648452446534066, "18": 18.322671788773732, "20": 12.293581290519796, "22": 23.95634447404882, "24": 26.784223195223603}}