{"17": {"8": 15.126539949851576, "16": 43.539733948302455, "18": 50.525141618796624, "20": 57.776843229541555, "22": 52.378176792874, "24": 61.86284193769097}}