{"14": {"8": 26.442888961406425, "16": 64.66717678005807, "18": 71.79024758725427, "20": 62.96822278294712, "22": 84.82165830675513, "24": 90.15147701522801}}