{"19": {"8": 9.208633493166417, "16": 29.98241719804355, "18": 35.28472666419111, "20": 40.901718650362454, "22": 36.63225750741549, "24": 44.0068176187342}}