{"17": {"8": 116.27498216927052, "16": 181.6352315172553, "18": 187.86624149233103, "20": 193.2638773471117, "22": 200.65219026617706, "24": 204.19509823434055}}