{"13": {"8": 31.403299257159233, "16": 74.5810564821586, "18": 83.60882325225975, "20": 63.083385601174086, "22": 99.57771849582787, "24": 103.8979671821071}}