{"17": {"8": 41.41757004358806, "16": 98.40594022907317, "18": 109.39568837778643, "20": 116.52882651926484, "22": 125.2190895085223, "24": 134.51301925786538}}