{"16": {"8": 16.826800904702395, "16": 46.668356427690014, "18": 51.92765838908963, "20": 45.46243402338587, "22": 63.35290145082399, "24": 68.63271751068532}}