{"19": {"8": 6.849182504665805, "16": 22.155942774697905, "18": 25.0965381617425, "20": 21.277468680404127, "22": 31.400046797993127, "24": 34.07656257686904}}