{"13": {"8": 60.140731770545244, "16": 117.68321190122515, "18": 127.34689050889574, "20": 136.53687435865868, "22": 144.14568718656665, "24": 151.26296270178864}}