{"15": {"8": 55.947312959469855, "16": 115.67800651490688, "18": 125.90659771766514, "20": 132.50289092678577, "22": 140.3072943687439, "24": 148.27895654551685}}