{"18": {"8": 24.770664206240326, "16": 68.41457298921887, "18": 77.14233619626611, "20": 84.83288839878514, "22": 92.90551562793553, "24": 99.0039824610576}}