{"15": {"8": 24.912322359581594, "16": 64.00070863543078, "18": 72.58640036708675, "20": 80.8697258818429, "22": 74.6330387732014, "24": 85.50536542432383}}