{"16": {"8": 33.01350330282003, "16": 79.25073281896766, "18": 87.91949532425497, "20": 95.785068625235, "22": 103.86403233010788, "24": 110.25990373664536}}