{"16": {"8": 27.13482429855503, "16": 67.88585312548093, "18": 76.59718001680449, "20": 83.94286497950088, "22": 91.18284434638917, "24": 88.54259664635174}}