{"16": {"8": 37.19781960803084, "16": 87.3196382606402, "18": 96.58820659853518, "20": 104.95579228829592, "22": 113.52861996972933, "24": 120.5860878303647}}