{"14": {"8": 52.327322360128164, "16": 106.03194951731712, "18": 115.78194806817919, "20": 124.26268143113703, "22": 132.92330702207983, "24": 139.87444663606584}}