{"13": {"8": 39.76265158178285, "16": 88.57371535303537, "18": 98.29099404101726, "20": 107.35556940850802, "22": 100.3560683564283, "24": 112.3337697130628}}