{"15": {"8": 16.76101085258415, "16": 46.94522234896431, "18": 53.78922564530512, "20": 38.30860454181675, "22": 66.15479895379394, "24": 69.88333803205751}}