{"12": {"8": 59.30094086471945, "16": 118.20810333499685, "18": 128.42528669862077, "20": 137.3016396863386, "22": 143.7396480962634, "24": 142.85269256681204}}