{"13": {"8": 78.66052911058068, "16": 144.69073837623, "18": 154.98749182000756, "20": 161.43823222070932, "22": 168.9882348254323, "24": 176.7954867184162}}