{"13": {"8": 29.570642175152898, "16": 71.4070230073994, "18": 80.37113192869583, "20": 60.727440889691934, "22": 96.51746288500726, "24": 101.74268384021707}}