{"14": {"8": 40.46471927128732, "16": 90.62318623578176, "18": 100.05069448659196, "20": 108.22481672884896, "22": 115.24837853678036, "24": 113.46716054202989}}