{"17": {"8": 15.510337324844386, "16": 44.787706387927756, "18": 52.005509550566785, "20": 59.269418748881435, "22": 53.339702691708226, "24": 62.96945015041274}}