{"14": {"8": 53.9930864488706, "16": 111.61078359745443, "18": 121.5104183331132, "20": 129.86455691605806, "22": 138.08496346930042, "24": 144.31180447386578}}