{"17": {"8": 44.0652428441681, "16": 102.5940296575427, "18": 113.94717708230019, "20": 121.18565502762794, "22": 129.95284980535507, "24": 139.26240616105497}}