{"15": {"8": 25.047433481551707, "16": 63.66332399280509, "18": 72.17639549879823, "20": 80.58291414449923, "22": 74.37405559734907, "24": 85.26421526493505}}