{"18": {"8": 108.00152042880654, "16": 175.5557150542736, "18": 182.1013296097517, "20": 187.81160356476903, "22": 195.48325791209936, "24": 199.08676991984248}}