{"18": {"8": 60.123103640042245, "16": 127.1624249657616, "18": 138.79425366572104, "20": 145.60661782557145, "22": 153.93527285079472, "24": 165.5744456059765}}