{"12": {"8": 55.835556669160724, "16": 113.42494896054268, "18": 123.96881793998182, "20": 133.197882453911, "22": 125.72382713155821, "24": 138.45822682837024}}