{"18": {"8": 11.874412604607642, "16": 34.639645211464085, "18": 40.39073888411076, "20": 46.34508076030761, "22": 41.680285211245064, "24": 49.465352118364535}}