{"13": {"8": 37.62411029567011, "16": 85.04343605355825, "18": 94.15040494559798, "20": 83.18035508744651, "22": 109.72512787720188, "24": 115.50341538246721}}