{"14": {"8": 145.75676253437996, "16": 206.90572039783, "18": 212.17775210738182, "20": 216.64782892167568, "22": 222.06626904010773, "24": 224.629610106349}}