{"12": {"8": 91.49222621321678, "16": 158.1324016675353, "18": 168.22250881046057, "20": 174.52387047559023, "22": 181.94526162743568, "24": 189.70722200721502}}