{"14": {"8": 22.464392561698332, "16": 58.29434982303064, "18": 66.37301795498934, "20": 48.32445280777756, "22": 81.64511461602524, "24": 87.1895360056078}}