{"18": {"8": 16.33180844108574, "16": 48.01728453999385, "18": 55.2324468230363, "20": 61.58889296837151, "22": 67.01638896483928, "24": 65.36753590661101}}