{"12": {"8": 41.78383791696979, "16": 91.58237597625703, "18": 101.21816263068467, "20": 79.4588939496316, "22": 117.30517483036965, "24": 121.20223977649584}}