{"13": {"8": 36.65317001007497, "16": 83.77786943450337, "18": 92.23272311664186, "20": 82.16962838399922, "22": 108.00646386033623, "24": 114.79792644015834}}