{"13": {"8": 41.90060272440314, "16": 92.65175825956976, "18": 102.91003439103952, "20": 112.50045540556312, "22": 104.4849030696787, "24": 117.50750275282189}}