{"13": {"8": 49.68378745112568, "16": 104.34326051920652, "18": 114.17880512587726, "20": 122.8752628583461, "22": 129.4350423142314, "24": 128.5528679098934}}