{"13": {"8": 35.00361956562847, "16": 82.84907287731767, "18": 91.31244898145087, "20": 80.80660704243928, "22": 106.80914904538076, "24": 113.18849239853444}}