{"16": {"8": 25.34727968578227, "16": 66.54750254750252, "18": 75.71270031947643, "20": 84.08763590920717, "22": 90.25260881707072, "24": 89.01550960261375}}