{"16": {"8": 73.75424863956869, "16": 141.7894965466112, "18": 152.57136553525925, "20": 158.97814293950796, "22": 166.6254206560552, "24": 176.62009315565228}}