{"12": {"8": 45.54094866570085, "16": 95.69757163152099, "18": 104.72765459306538, "20": 94.30956394970417, "22": 120.8704129261896, "24": 127.32704122643918}}