{"16": {"8": 12.960266712500015, "16": 37.4140373544069, "18": 42.956621150719, "20": 30.334029626279516, "22": 53.55555739311967, "24": 57.433667805511504}}