{"17": {"8": 11.246826183865778, "16": 33.553226965334034, "18": 37.91422574274475, "20": 32.33932279920555, "22": 46.70716142654419, "24": 50.41021603439003}}