{"17": {"8": 21.509158597153146, "16": 58.85012251022272, "18": 66.99472590687219, "20": 73.65784046670888, "22": 80.74779461254366, "24": 77.56560278567486}}