{"15": {"8": 24.739858905784786, "16": 63.42602731764782, "18": 72.39085063216044, "20": 81.26119453279534, "22": 74.07172218133928, "24": 85.76758306019474}}