{"18": {"8": 12.65459982806351, "16": 37.5643899958377, "18": 43.55156175441516, "20": 49.60306798828242, "22": 45.01803182688309, "24": 52.92283989826683}}