{"16": {"8": 19.00160082965158, "16": 50.735638610552996, "18": 58.175288166617975, "20": 65.59355819458142, "22": 59.755670855753124, "24": 69.5291190603748}}