{"12": {"8": 44.54412786476314, "16": 97.21987869398436, "18": 107.53181159804808, "20": 95.07537557685282, "22": 124.12362429959467, "24": 130.20034857280552}}