{"16": {"8": 76.29699472896755, "16": 141.2366674914956, "18": 151.79838125780225, "20": 157.90627942606807, "22": 165.15320080518723, "24": 175.26220938004553}}