{"19": {"8": 92.8865313641727, "16": 160.60626783967018, "18": 167.89552387222648, "20": 174.25119598954916, "22": 182.99577793851495, "24": 187.20972811058164}}