{"16": {"8": 13.290395167772658, "16": 39.433092377730645, "18": 45.55290111131035, "20": 31.765192735154415, "22": 57.04583961353637, "24": 60.87067263480276}}