{"16": {"8": 19.664839815581217, "16": 53.33738006372005, "18": 60.93190901365597, "20": 68.66036019835155, "22": 63.242480490822345, "24": 73.08982055308297}}