{"16": {"8": 19.872954396530986, "16": 55.13401310076006, "18": 63.41323458845727, "20": 71.74183935811743, "22": 65.11034490447491, "24": 76.19145809765905}}