{"13": {"8": 112.03391630202532, "16": 177.25824474170804, "18": 186.6249307449907, "20": 191.86435632500798, "22": 197.47160933027044, "24": 205.57210574671626}}