{"18": {"8": 8.984411286539398, "16": 29.102310513029806, "18": 32.905381277698325, "20": 27.83345426718006, "22": 41.058366409735754, "24": 44.661322240077425}}