{"15": {"8": 16.506212256324943, "16": 44.130289715729305, "18": 50.68663784416276, "20": 36.34314829448704, "22": 62.968015145132085, "24": 67.34393517309218}}