{"13": {"8": 30.295117551693693, "16": 72.11741424212232, "18": 80.71459322981536, "20": 60.972085242159665, "22": 95.84827771782875, "24": 100.48231791518629}}