{"16": {"8": 14.325572731642751, "16": 41.243611597819836, "18": 47.14409146329854, "20": 39.8090018882358, "22": 57.94024179002736, "24": 62.32664101314731}}