{"12": {"8": 119.28018227219582, "16": 185.37261898815632, "18": 194.08995816111565, "20": 198.9405638575554, "22": 204.04462638497353, "24": 211.2704342454672}}