{"17": {"8": 38.39790036715567, "16": 92.53985827742144, "18": 103.25007953075692, "20": 110.27980362065136, "22": 118.8037986480631, "24": 127.55164162721485}}