{"18": {"8": 34.627075967844576, "16": 86.03125657513738, "18": 96.58640058897436, "20": 103.65714773349464, "22": 112.56741269933991, "24": 122.03955375088844}}