{"12": {"8": 41.83947421866469, "16": 88.7102989127161, "18": 97.73124091443606, "20": 87.30427165934816, "22": 113.27874967642128, "24": 119.56113751698285}}