{"14": {"8": 97.24196050688624, "16": 165.93599598109722, "18": 176.27052768319845, "20": 182.18933317810297, "22": 188.71503526717424, "24": 197.56538201123476}}