{"13": {"8": 48.422249094583094, "16": 102.43027719762176, "18": 112.39920016704127, "20": 121.42070709727705, "22": 127.60695295315236, "24": 126.86084096692502}}