{"13": {"8": 79.69360227882862, "16": 145.99610792845488, "18": 156.45534216612577, "20": 163.06578293256462, "22": 170.78057450801134, "24": 178.85603477433324}}