{"14": {"8": 39.34041547961533, "16": 88.86471340991557, "18": 97.90899441204965, "20": 105.88641728274524, "22": 111.7592927441001, "24": 110.7909994199872}}