{"19": {"8": 6.1466174210054305, "16": 20.51936501378077, "18": 23.700205806599115, "20": 19.766200449783355, "22": 30.09001955511485, "24": 32.493204596994474}}