{"14": {"8": 144.0378619581461, "16": 204.46042327582836, "18": 209.75845097005367, "20": 214.2670682668686, "22": 220.0524094849825, "24": 222.76546636223793}}