{"18": {"8": 7.119381317213993, "16": 23.702374325068376, "18": 27.56455032044323, "20": 18.604351792426314, "22": 34.92683277859669, "24": 37.34172831472824}}