{"13": {"8": 154.77352241426706, "16": 210.94316255673766, "18": 215.76630679145455, "20": 219.5228043831885, "22": 224.4421423226595, "24": 226.82097698748112}}