{"12": {"8": 63.62325164023787, "16": 123.25923644966679, "18": 133.5736404042982, "20": 142.27286818809807, "22": 149.3170265601948, "24": 147.7458690740168}}