{"13": {"8": 79.47799229435623, "16": 145.9001458287239, "18": 156.39968819916248, "20": 162.9649121426046, "22": 170.7247417718172, "24": 179.08368044160306}}