{"15": {"8": 131.64059388265014, "16": 195.37739193439484, "18": 201.36564325541258, "20": 206.63481932878494, "22": 213.29535243660212, "24": 216.41460938751698}}