{"18": {"8": 36.76515055494383, "16": 89.15460437710863, "18": 99.34676082304213, "20": 105.98278349178145, "22": 114.0810366612859, "24": 122.52174572180957}}