{"18": {"8": 101.68536702543497, "16": 172.58085169643164, "18": 179.8228330090642, "20": 186.05910578370094, "22": 194.6311692595482, "24": 198.68770457804203}}