{"16": {"8": 15.948133637721185, "16": 43.7937739508925, "18": 48.88402215926908, "20": 42.59247619693633, "22": 59.38689287845045, "24": 63.93591866269708}}