{"18": {"8": 11.355629900324857, "16": 34.500248133263085, "18": 40.09659681210178, "20": 45.66727848960727, "22": 40.66118013962114, "24": 48.29588835840332}}