{"14": {"8": 22.64628770784475, "16": 58.076658794190735, "18": 65.56630671210587, "20": 48.483963802456856, "22": 79.13689756346866, "24": 83.6994283394888}}