{"16": {"8": 25.615297215990722, "16": 66.6602285578847, "18": 75.29159106500447, "20": 82.68944496149197, "22": 89.23911946685985, "24": 87.17062159767374}}