{"14": {"8": 27.36845925776288, "16": 69.5836351821199, "18": 77.8551151836291, "20": 67.68249500682577, "22": 92.39960126951337, "24": 98.2584923254326}}