{"13": {"8": 35.039144792594016, "16": 82.46993421352818, "18": 91.32307670626324, "20": 80.76741334761027, "22": 107.68827628716826, "24": 114.29175646952353}}