{"16": {"8": 46.57891027536243, "16": 104.765789472498, "18": 115.44591421447694, "20": 122.39571722410619, "22": 130.7751111621037, "24": 139.62243313062936}}