{"13": {"8": 61.82924780622125, "16": 123.21849922649562, "18": 133.2086361106485, "20": 142.0672530354932, "22": 149.90539980167523, "24": 156.60448670061305}}