{"12": {"8": 92.53940113261342, "16": 156.74479113519192, "18": 166.94142270088196, "20": 173.44770121574402, "22": 181.1527551934123, "24": 189.15610651671886}}