{"14": {"8": 51.36932475399226, "16": 108.63797304593027, "18": 118.75603689346462, "20": 127.75630059279501, "22": 136.15830732509494, "24": 142.88992649223655}}