{"18": {"8": 37.41890517901629, "16": 92.32044571172446, "18": 102.96379080181941, "20": 109.74552091443911, "22": 117.64538692892529, "24": 126.1011838276172}}