{"17": {"8": 117.03330663777888, "16": 184.08425591886044, "18": 190.47320429980755, "20": 195.591825440526, "22": 202.73803237825632, "24": 206.1073819026351}}