{"12": {"8": 124.32977946288884, "16": 189.79899688065052, "18": 198.57596807181835, "20": 203.47617161273956, "22": 208.63602450489998, "24": 215.8947658240795}}