{"1": [-0.3610551844484025, 0.4251209160318981], "2": [-0.2767757209581755, 0.4760065695517139], "4": [-0.19701993917710964, 0.5250538180375558], "8": [-0.12473567932400402, 0.47819987124005164], "16": [-0.07039555626075662, 0.37029082185304135]}