{"16": {"1": 1.276402587100165, "2": 5.107987949450035, "4": 18.80481922806939, "8": 56.575699677254306, "16": 121.28739467728883}}