{"16": {"1": 1.074326190224383, "2": 4.4277729380410165, "4": 17.430129806482, "8": 55.59641614049906, "16": 120.6797003056854}}