{"16": {"1": 1.1027058510517236, "2": 4.454262167855632, "4": 16.67992098268587, "8": 51.018013018911006, "16": 109.51557352067903}}