{"12": {"1": 5.104134735418484, "2": 14.814392164349556, "4": 40.176494169514626, "8": 91.77727796830004, "16": 158.34446440637112}}