{"13": {"1": 3.1738787835347466, "2": 9.936487599741668, "4": 30.22986871562898, "8": 77.96214779419824, "16": 145.16786683909595}}