{"15": {"1": 1.6154392552562058, "2": 6.1225685032550246, "4": 21.857414836005773, "8": 62.97826847038232, "16": 129.27284984197468}}