{"20": {"1": 0.28113148915508646, "2": 1.6152113170246594, "4": 8.35316523979418, "8": 34.03523757960647, "16": 89.86861638378468}}