{"17": {"1": 0.8427754443691811, "2": 3.7376514109782875, "4": 15.194690346543211, "8": 48.42485624947585, "16": 108.86896531796083}}