{"14": {"1": 2.483015856705606, "2": 8.561722530284896, "4": 27.480671393452212, "8": 70.20916153816506, "16": 132.79733378160745}}