{"19": {"1": 0.37491361915454036, "2": 1.9807192383304937, "4": 9.91973237885395, "8": 38.18337915126176, "16": 94.90549672173802}}