{"15": {"1": 1.7593443136429414, "2": 6.512955628568307, "4": 22.2661962157581, "8": 64.6632051912602, "16": 132.0493512460962}}