{"13": {"1": 3.7573822225094773, "2": 11.743169930297881, "4": 34.36155936308205, "8": 83.7887839465402, "16": 151.41527492180467}}