{"16": {"1": 1.2205249454418663, "2": 4.872059784131125, "4": 18.724231612402946, "8": 56.52912472735625, "16": 119.21747703664005}}