{"14": {"1": 2.5267752736690454, "2": 8.664427450858057, "4": 27.99056861642748, "8": 71.0242636166513, "16": 136.7881030277349}}