{"14": {"1": 2.6067704309534747, "2": 8.903566708555445, "4": 29.542704738443717, "8": 76.3127447462175, "16": 141.96227324288338}}