{"18": {"1": 0.523215992594487, "2": 2.4617713717743754, "4": 10.778069483290892, "8": 38.586901476192, "16": 93.42654270405183}}