{"19": {"1": 0.40412980552355293, "2": 2.068650178523967, "4": 9.257100769580575, "8": 34.05179315363057, "16": 87.93736925162375}}