{"19": {"1": 0.42501700348657323, "2": 2.26124258179334, "4": 10.637081680470146, "8": 39.05170136934612, "16": 97.3750436282462}}