{"7": {"8": [0.23615352312723817, -1.7116340266333718], "16": [0.1469549655914308, -1.1901180797153073]}, "8": {"8": [0.2587630073229474, -1.7770493348439569], "16": [0.20822924772898377, -1.9146638022528795]}, "9": {"8": [0.2914236386617027, -2.033217774497142], "16": [0.24414010047912618, -2.3246147155761747]}, "10": {"8": [0.3124470869700117, -2.154395940568718], "16": [0.26866179704666165, -2.449690474404234]}}