{"15": {"1": 2.961149204929825, "2": 10.339837148785591, "4": 33.55394185055047, "8": 85.25761960074306, "16": 153.86480037122965}}