{"20": {"1": 1.7984818074910436, "2": 8.229164743097499, "4": 32.11620532348752, "8": 89.10318948701024, "16": 160.0639683008194}}