{"19": {"1": 0.1820282045955537, "2": 0.9699867607851047, "4": 4.875646419648547, "8": 20.483397752977908, "16": 59.27905523247318}}