{"12": {"1": 3.8822001989465207, "2": 11.474542111624032, "4": 32.86132868332788, "8": 78.87151586916298, "16": 141.29973218310624}}