{"13": {"1": 1.7916430053301156, "2": 5.586613321909681, "4": 17.460869889706373, "8": 48.39636982791126, "16": 103.16482732538134}}