{"17": {"1": 0.4302011783584021, "2": 1.9107928058656398, "4": 8.294630405725911, "8": 30.166617854498327, "16": 77.6979152446147}}