{"12": {"1": 9.127006049267948, "2": 24.746057742275298, "4": 61.643827334046364, "8": 124.32977946288884, "16": 189.79899688065052}}