{"14": {"1": 9.248530110809952, "2": 27.962070858106017, "4": 73.44145214930177, "8": 144.61958941072226, "16": 205.36290998011827}}