{"16": {"1": 0.3523656814650167, "2": 1.3303553974837996, "4": 5.310733656166121, "8": 19.04074473795481, "16": 51.28723864350468}}