{"12": {"1": 2.3486496186815202, "2": 6.818110334221274, "4": 20.447135098278522, "8": 53.549196417443454, "16": 108.03545315237716}}