{"17": {"1": 0.15864780521951616, "2": 0.6185243275831454, "4": 2.5523857177468017, "8": 9.56802867614897, "16": 29.243946804315783}}