{"17": {"1": 1.582910081895534, "2": 6.459061536123045, "4": 24.247804251499474, "8": 70.54347867891192, "16": 137.30343496240675}}