{"14": {"1": 2.4821870571468025, "2": 8.326667884830385, "4": 26.849042305722833, "8": 70.7392064742744, "16": 138.72983846720308}}