{"18": {"1": 0.13877064933330985, "2": 0.6251952836173587, "4": 2.8927133502438664, "8": 11.785970002645627, "16": 35.70498787885299}}