{"17": {"1": 0.2249308564059902, "2": 0.9178815523046069, "4": 3.965558829717338, "8": 14.905341546749696, "16": 41.40956674749032}}