{"18": {"1": 0.11339863945613615, "2": 0.4802643072907813, "4": 2.163408723194152, "8": 9.158372495876392, "16": 29.912900488445302}}