{"15": {"1": 0.5689663331140764, "2": 2.029963252833113, "4": 7.557632651878521, "8": 25.116551762912422, "16": 63.44788381177932}}