{"15": {"1": 2.851223057601601, "2": 10.105717753991485, "4": 33.037706279195845, "8": 83.90872566774487, "16": 151.25508300215006}}