{"12": {"1": 2.0996844943147153, "2": 5.708534286823124, "4": 16.327463246881962, "8": 44.54412786476314, "16": 97.21987869398436}}