{"20": {"1": 1.7510293052182533, "2": 8.2755005734507, "4": 33.581008409149945, "8": 92.79943774268031, "16": 165.8158233910799}}