{"14": {"1": 0.8829609942040406, "2": 2.928461023257114, "4": 10.183186580892652, "8": 32.19524617539719, "16": 75.42646871507168}}