{"20": {"1": 0.17850126915436704, "2": 1.0244099705596454, "4": 5.7347211570013314, "8": 24.918750514741987, "16": 70.55456126882927}}