{"15": {"1": 0.4948694646009244, "2": 1.6917926181922667, "4": 6.167225139215589, "8": 20.930029950104654, "16": 56.177604127675295}}