{"19": {"1": 0.059486664889846, "2": 0.25257434777449816, "4": 1.1587568384566111, "8": 4.8763949162676, "16": 17.021553500148002}}