{"19": {"1": 2.0778373539214954, "2": 9.409334594383836, "4": 35.869107976555824, "8": 96.45286660641432, "16": 167.6738008186221}}