{"13": {"1": 3.135343169909902, "2": 9.872926169075072, "4": 29.519298577681184, "8": 75.26076939702034, "16": 140.52481509698555}}