{"16": {"1": 0.30401995312422514, "2": 1.130187383678276, "4": 4.446775441756472, "8": 15.493242093129084, "16": 43.05091114381503}}