{"18": {"1": 2.9444119493709877, "2": 12.287714829202741, "4": 43.70231653936207, "8": 108.78240099549294, "16": 177.7208148613572}}