{"18": {"1": 0.4238751550001325, "2": 2.062160605681129, "4": 9.816754369530827, "8": 35.400936274789274, "16": 88.01336649712175}}