{"20": {"1": 0.10691304516876698, "2": 0.5987423816695809, "4": 3.2986158485873602, "8": 14.945808579679579, "16": 45.275183177989675}}