{"13": {"1": 3.2148334473604336, "2": 10.213044699747115, "4": 30.917692442424595, "8": 77.09496531821787, "16": 140.78992896247655}}