{"17": {"1": 0.30719454781501554, "2": 1.3397058891132474, "4": 5.7135052205994725, "8": 21.146342023741454, "16": 57.186029765056446}}