{"12": {"1": 7.743089233525097, "2": 21.664135852828622, "4": 56.743950579315424, "8": 117.88108260929585, "16": 184.56629234552383}}