{"17": {"1": 0.2167021053901408, "2": 0.8948130172502715, "4": 3.855825337814167, "8": 14.497937322128564, "16": 41.12433070654515}}