{"16": {"1": 1.091025207308121, "2": 4.442458740435541, "4": 16.78649274352938, "8": 49.6125060711056, "16": 109.16258600354195}}