{"19": {"1": 2.122953839309048, "2": 9.404007205856033, "4": 35.3640512265265, "8": 92.8865313641727, "16": 160.60626783967018}}