{"16": {"1": 5.173289012629539, "2": 18.150452218949795, "4": 55.041454469785094, "8": 121.74898934736848, "16": 188.6996123343706}}