{"14": {"1": 0.6970091495895758, "2": 2.1831093068467453, "4": 7.465018902672455, "8": 23.758953964104876, "16": 60.38881466770545}}