{"14": {"1": 1.4429500453406945, "2": 4.890018140198663, "4": 16.622344561154023, "8": 48.002055113203824, "16": 102.61419932357967}}