{"14": {"1": 3.920897002564743, "2": 12.975297139026225, "4": 39.578446893021464, "8": 95.42853416502476, "16": 166.32323069870472}}