{"14": {"1": 2.4056180905317888, "2": 8.20812294096686, "4": 26.52437130268663, "8": 70.37186356633902, "16": 134.7007917612791}}