{"19": {"1": 0.05850729464145843, "2": 0.25183502718573436, "4": 1.152901196735911, "8": 4.711245061800582, "16": 15.648451995453797}}