{"12": {"1": 3.700532609829679, "2": 10.869308898225427, "4": 31.17540351115167, "8": 76.99775586090982, "16": 140.902964906767}}