{"19": {"1": 0.31508553550520446, "2": 1.6430384190753102, "4": 8.227947782026604, "8": 32.3416696197819, "16": 83.36913806945086}}