{"14": {"1": 1.2239183720666915, "2": 4.046281955204904, "4": 13.579366876278073, "8": 40.229882000014186, "16": 89.27697119442746}}