{"15": {"1": 1.6154186274216045, "2": 5.945721700089052, "4": 20.731878297403455, "8": 59.227863715961576, "16": 122.8613767195493}}