{"16": {"1": 0.31009101099334657, "2": 1.1177648348966613, "4": 4.463033944892231, "8": 15.994440853595734, "16": 44.29669159511104}}