{"15": {"1": 0.4747253203531727, "2": 1.637434755335562, "4": 6.012800119584426, "8": 20.037210449227132, "16": 53.21799221742549}}