{"20": {"1": 0.0808200769170071, "2": 0.4244757024280261, "4": 2.2912033348111436, "8": 11.006410262489226, "16": 36.16090582999459}}