{"18": {"1": 3.1447462920332327, "2": 12.535295457579195, "4": 44.076532144099474, "8": 109.75031585991383, "16": 179.6432673484087}}