{"16": {"1": 0.45392961948527955, "2": 1.7998741924529895, "4": 7.282336528412998, "8": 25.965681329136714, "16": 66.50107168965042}}