{"17": {"1": 4.0563179574673995, "2": 15.366961335763335, "4": 50.274035004898906, "8": 119.54800690710545, "16": 188.00646448507905}}