{"14": {"1": 0.8939613153925166, "2": 2.965235077543184, "4": 10.368801460368559, "8": 32.12830623239279, "16": 74.60466999793425}}