{"12": {"1": 8.42189073143527, "2": 23.124319723807275, "4": 58.39749966934323, "8": 119.95518200099468, "16": 182.7081030756235}}