{"20": {"1": 0.037062706556753255, "2": 0.17104143722099252, "4": 0.844822745246347, "8": 3.7850506869726814, "16": 13.78011858757236}}