{"12": {"1": 5.29087134078145, "2": 15.277951886877418, "4": 42.0667341183871, "8": 96.55859453231096, "16": 164.32547194510698}}