{"18": {"1": 0.11631078821665142, "2": 0.4918304593738867, "4": 2.2178141236072406, "8": 9.244160698261112, "16": 29.53194019536022}}