{"17": {"1": 0.603986742469715, "2": 2.697709405561909, "4": 11.385515924543142, "8": 38.39790036715567, "16": 92.53985827742144}}