{"19": {"1": 0.059547439457674045, "2": 0.2645881899079541, "4": 1.2697811874531908, "8": 5.650063577530091, "16": 19.183806067245314}}