{"12": {"1": 2.9526688884943724, "2": 8.431431461125612, "4": 24.582272434607148, "8": 62.36026445776224, "16": 119.90939752664417}}