{"18": {"1": 0.122008635677048, "2": 0.5169061529741157, "4": 2.4179791463539004, "8": 10.142660992685705, "16": 32.13744619209319}}