{"18": {"1": 0.1170498424617108, "2": 0.48492458670807537, "4": 2.1323822097619995, "8": 8.623009162998642, "16": 27.4495349022327}}