{"18": {"1": 0.18361943202035036, "2": 0.8378822794184089, "4": 3.8674888595123775, "8": 15.81245749432128, "16": 45.45455164229497}}