{"16": {"1": 0.2563422085950151, "2": 0.89955474215094, "4": 3.382136774598621, "8": 11.668705147865694, "16": 33.69002342643216}}