{"16": {"1": 0.2903158359695226, "2": 1.0727065845858306, "4": 4.294969048467465, "8": 15.35193745745346, "16": 43.2820456516929}}