{"17": {"1": 4.3512593971099705, "2": 15.869559762999415, "4": 50.28185325488448, "8": 114.73029179871082, "16": 183.53166423738003}}