{"18": {"1": 0.13972757285228, "2": 0.6104481765360106, "4": 2.810016491508577, "8": 11.364666848210618, "16": 34.91190515644848}}