{"15": {"1": 1.4175586985656992, "2": 5.399605932179838, "4": 19.315896190702915, "8": 56.948400996858254, "16": 117.06152922101319}}