{"14": {"1": 3.8887167489156127, "2": 12.867175093851984, "4": 39.008747324347496, "8": 94.05347606912255, "16": 163.83082766085863}}