{"13": {"1": 1.4093755864305422, "2": 4.27654559048824, "4": 13.63820586912334, "8": 39.20801412174478, "16": 88.38783980999142}}