{"14": {"1": 0.7562734721577726, "2": 2.4633809633087367, "4": 8.518085557967424, "8": 26.487728165229782, "16": 65.93397981597809}}