{"19": {"1": 0.17855702740780544, "2": 0.9036484679963905, "4": 4.426297168829478, "8": 17.706199968233705, "16": 50.84628967102617}}