{"14": {"1": 0.9260763364727609, "2": 3.0589528498239815, "4": 10.590847568586469, "8": 32.9523397940211, "16": 76.67363045189995}}