{"18": {"1": 0.9868249642313458, "2": 4.477826415095478, "4": 18.740794117562473, "8": 58.49542138539255, "16": 122.23587633110583}}