{"17": {"1": 0.1558174021774903, "2": 0.5916292741312645, "4": 2.452708024648018, "8": 9.253197139594704, "16": 28.143409062962746}}