{"13": {"1": 3.302790367277339, "2": 10.402494542300701, "4": 31.568104684352875, "8": 78.60897633805871, "16": 143.99235100811347}}