{"20": {"1": 0.20316534695302835, "2": 1.1500958168617217, "4": 6.306453072698787, "8": 26.509462238522246, "16": 72.84254410490394}}