{"12": {"1": 1.9599047286901623, "2": 5.446273605339229, "4": 16.33639153977856, "8": 44.75031370553188, "16": 95.36080674827099}}