{"12": {"1": 2.073156151920557, "2": 5.696617666166276, "4": 16.741885204799473, "8": 45.23036612663418, "16": 94.03935985825956}}