{"20": {"1": 0.11851215447677532, "2": 0.6763113337219693, "4": 3.7327490048774052, "8": 16.20495114615187, "16": 48.82513405184727}}