{"12": {"1": 1.852983539691195, "2": 5.0905329077504575, "4": 15.391153593081981, "8": 42.89667787216604, "16": 92.99806242156774}}