{"18": {"1": 3.193487789889332, "2": 13.206762436777353, "4": 46.26166125200689, "8": 112.1589042916894, "16": 182.43947010487318}}