{"16": {"1": 0.3800799706950784, "2": 1.441867884946987, "4": 5.74547987501137, "8": 19.592465683468617, "16": 51.49345263262512}}