{"13": {"1": 3.414512256393209, "2": 10.551239320309833, "4": 31.915442481637, "8": 79.69360227882862, "16": 145.99610792845488}}