{"16": {"1": 0.4771522003575228, "2": 1.8650043606758118, "4": 7.570214809500612, "8": 26.715022795600817, "16": 68.14395224791951}}