{"15": {"1": 1.6707851650426164, "2": 6.254379033925943, "4": 21.850797813385725, "8": 62.09002439118922, "16": 125.84150770679116}}