{"15": {"1": 2.607314806082286, "2": 9.476905498187989, "4": 31.465294180437922, "8": 81.22410493716598, "16": 149.60569254681468}}