{"16": {"1": 1.043642695643939, "2": 4.193644064827822, "4": 16.162408253992908, "8": 49.738344587385654, "16": 108.8058461220935}}