{"14": {"1": 3.836056707892567, "2": 12.623386660125107, "4": 38.19584030099213, "8": 92.09119663387537, "16": 161.76002757251263}}