{"14": {"1": 0.6661455690627918, "2": 2.0677469907095656, "4": 6.967861959710717, "8": 21.476673383265734, "16": 55.702145042829216}}