{"17": {"1": 0.1519564249101677, "2": 0.5746645703911781, "4": 2.413965297921095, "8": 9.314496228587814, "16": 28.08231697313022}}