{"13": {"1": 2.4754737993935123, "2": 7.865394175983965, "4": 24.129234907217324, "8": 62.42531919153407, "16": 120.6362391570583}}