{"19": {"1": 0.073609410203062, "2": 0.33782437548507005, "4": 1.720697549462784, "8": 7.676498967732186, "16": 25.623756076791324}}