{"17": {"1": 0.6452488455397543, "2": 2.8892273782985285, "4": 12.483069763868116, "8": 42.60749259078875, "16": 103.34289685450494}}