{"16": {"1": 1.9908061231253669, "2": 7.711678693536669, "4": 26.920283592306077, "8": 72.49472488090396, "16": 140.7704563997686}}