{"19": {"1": 2.2573507594061084, "2": 9.98657297459431, "4": 37.41522883810103, "8": 97.5567722544074, "16": 167.63102889060974}}