{"12": {"1": 1.82817692309618, "2": 4.988747851224616, "4": 15.011890124995261, "8": 41.78383791696979, "16": 91.58237597625703}}