{"16": {"1": 0.35320898253121413, "2": 1.3049585547414608, "4": 5.275825930060819, "8": 19.664839815581217, "16": 53.33738006372005}}