{"14": {"1": 1.6501101207686588, "2": 5.57325490238145, "4": 19.129279983695596, "8": 53.9930864488706, "16": 111.61078359745443}}