{"18": {"1": 0.10600864163279766, "2": 0.44733089703368023, "4": 2.070226151670795, "8": 8.636882039019838, "16": 28.19539366097888}}