{"13": {"1": 1.1409785998985171, "2": 3.3044394832104445, "4": 10.484823762439191, "8": 30.82752205338329, "16": 74.90347574930638}}