{"12": {"1": 2.8717195177450776, "2": 8.40798501111567, "4": 24.679257708601654, "8": 63.62325164023787, "16": 123.25923644966679}}