{"13": {"1": 2.4800872548948973, "2": 7.897991556208581, "4": 24.80589539837092, "8": 64.84553176909685, "16": 125.46541832387447}}