{"13": {"1": 12.32906799018383, "2": 33.64020020700991, "4": 80.21815244108438, "8": 150.04702439904213, "16": 208.0494818687439}}