{"17": {"1": 3.85842087760102, "2": 14.385073639918119, "4": 47.25912407785654, "8": 112.14663204550743, "16": 181.0530051290989}}