{"16": {"1": 0.6512996565143112, "2": 2.6857948921388015, "4": 10.751206582877785, "8": 35.621435943758115, "16": 85.5361038336996}}