{"19": {"1": 0.0728765087260399, "2": 0.32154766212624963, "4": 1.5316069656400941, "8": 6.61133821378462, "16": 22.61930058131111}}