{"18": {"1": 3.5093296826817095, "2": 13.489846325013787, "4": 45.64037549868226, "8": 110.89085463434458, "16": 180.84729481488466}}