{"14": {"1": 2.280499677057378, "2": 7.807723111007363, "4": 25.340871898457408, "8": 67.47377338260412, "16": 131.02265416271985}}