{"17": {"1": 0.22267793145147152, "2": 0.9054135766054969, "4": 3.991132663388271, "8": 15.697729418985546, "16": 44.94409005250782}}