{"18": {"1": 0.2057158469397109, "2": 0.967610331135802, "4": 4.513413684733678, "8": 17.851382070686668, "16": 51.49184165517363}}