{"15": {"1": 0.7364176213741302, "2": 2.7299611505586654, "4": 10.154450078029186, "8": 33.10913854057435, "16": 80.26445028476883}}