{"13": {"1": 1.8956767495255917, "2": 6.051433187909424, "4": 18.870477134245448, "8": 51.875866586342454, "16": 107.1903494852595}}