{"13": {"1": 2.4223777228035033, "2": 7.557226537493989, "4": 23.42699691420421, "8": 62.7217987049371, "16": 122.60454861540347}}