{"14": {"1": 0.8103650682023726, "2": 2.6312317508272827, "4": 9.14467773353681, "8": 29.06361591955647, "16": 70.19877393869683}}