{"17": {"1": 0.22787883577984758, "2": 0.9407568774477113, "4": 4.140060061588883, "8": 15.963251163833775, "16": 43.68335956711962}}