{"13": {"1": 11.029021647758782, "2": 30.837563704699278, "4": 77.48643945157528, "8": 149.78982812166214, "16": 208.19110511243343}}