{"14": {"1": 0.9739697483601049, "2": 3.164762534899637, "4": 10.934320641681552, "8": 33.37617068970576, "16": 75.1901514341589}}