{"12": {"1": 15.32701207511127, "2": 39.375633377581835, "4": 91.57756571471691, "8": 163.18618305027485, "16": 217.21476627886295}}