{"12": {"1": 3.009706372395158, "2": 8.6794726671651, "4": 25.566351448185742, "8": 65.01407587900758, "16": 123.05284939706326}}