{"19": {"1": 0.06297678311238997, "2": 0.2765199579880573, "4": 1.3145522212726064, "8": 5.724421570630511, "16": 19.844317449314985}}