{"17": {"1": 0.4215989753138274, "2": 1.8584731500595808, "4": 8.161273120815167, "8": 29.709226922132075, "16": 77.35527363047004}}