{"12": {"1": 1.9649588139727712, "2": 5.5555848106741905, "4": 16.63505735155195, "8": 45.54094866570085, "16": 95.69757163152099}}