{"19": {"1": 0.08413664125691867, "2": 0.3950955256004818, "4": 1.9904005100252107, "8": 8.687363923178054, "16": 28.479463326759287}}