{"16": {"1": 2.229979080846533, "2": 8.466445427387953, "4": 28.975633057765663, "8": 76.29699472896755, "16": 141.2366674914956}}