{"19": {"1": 2.2091440240619704, "2": 9.609905742807314, "4": 36.1693749204278, "8": 96.16764570772648, "16": 166.04102961719036}}