{"17": {"1": 0.6735905591049232, "2": 3.0029436835320666, "4": 12.975854419870302, "8": 43.05780676752329, "16": 100.07594136614352}}