{"14": {"1": 3.950542878941633, "2": 13.032896775752306, "4": 39.90268972236663, "8": 95.21125269308686, "16": 162.8799731992185}}