{"20": {"1": 1.6699806367978454, "2": 7.848505187081173, "4": 32.29093471728265, "8": 90.53617799282074, "16": 163.02721954137087}}