{"20": {"1": 0.034643460079678334, "2": 0.15900967753259465, "4": 0.7761724926822353, "8": 3.4414661940245423, "16": 12.774333914130693}}