{"13": {"1": 2.239752357127145, "2": 7.292987249791622, "4": 23.4081466589123, "8": 62.010658596176654, "16": 122.05818486737553}}