{"14": {"1": 3.672796761849895, "2": 11.948845504317433, "4": 37.15120280068368, "8": 91.92872063070536, "16": 160.23316325619817}}