{"15": {"1": 0.42784484414733015, "2": 1.3803360189776868, "4": 4.814781482738908, "8": 16.00225385092199, "16": 41.79763993015513}}