{"18": {"1": 0.9645368506317027, "2": 4.397445207112469, "4": 18.94166867574677, "8": 59.785756742581725, "16": 124.92599587328732}}