{"12": {"1": 4.927300111856312, "2": 14.306216267868876, "4": 40.1065288875252, "8": 92.53940113261342, "16": 156.74479113519192}}