{"14": {"1": 0.859471554402262, "2": 2.8506205207668245, "4": 9.89973560301587, "8": 31.405035723000765, "16": 75.68518246617168}}