{"17": {"1": 0.21514844965713564, "2": 0.866981735394802, "4": 3.6619118547532707, "8": 13.889130587253021, "16": 39.5660699220025}}