{"14": {"1": 9.024796069599688, "2": 26.270330384373665, "4": 68.25820802152157, "8": 137.59027657657862, "16": 200.5555519014597}}