{"16": {"1": 0.653644984413404, "2": 2.688529642065987, "4": 10.773759710835293, "8": 35.67341938242316, "16": 84.03155791456811}}