{"16": {"1": 4.920914581045508, "2": 17.454203722067177, "4": 54.24512434378266, "8": 123.51336263865232, "16": 190.11029858887196}}