{"13": {"1": 5.645221373997629, "2": 16.992814471013844, "4": 47.47688611969352, "8": 107.42418136447668, "16": 175.618976123631}}