{"12": {"1": 1.9681722200475633, "2": 5.411656151525676, "4": 15.982582920230925, "8": 43.00870407372713, "16": 94.43458978878334}}