{"20": {"1": 0.0784216955435113, "2": 0.4237162371427985, "4": 2.3443055992829613, "8": 11.085037061769981, "16": 36.89743189631554}}