{"14": {"1": 3.906541073927656, "2": 12.990966192446649, "4": 38.91430639009923, "8": 94.31118367239833, "16": 163.55355420708656}}