{"17": {"1": 0.4154981223400682, "2": 1.8276923279627226, "4": 7.898327273549512, "8": 27.556714325677603, "16": 69.51735141512472}}