{"13": {"1": 2.3474384414730594, "2": 7.543833523755893, "4": 23.981514206621796, "8": 63.70250819437206, "16": 127.90730791445822}}