{"18": {"1": 0.2878289401414804, "2": 1.3237288469681516, "4": 6.1488727335236035, "8": 23.543016920564696, "16": 64.60510838613845}}