{"13": {"1": 3.6506035997299477, "2": 11.033619355410337, "4": 31.768051375169307, "8": 78.66052911058068, "16": 144.69073837623}}