{"17": {"1": 0.18769539454660844, "2": 0.74280049445224, "4": 3.092070653103292, "8": 11.843880485626869, "16": 35.41753188153962}}