{"16": {"1": 0.37555323183187284, "2": 1.4305682620615698, "4": 5.752546024217736, "8": 20.492650042055175, "16": 55.28193791001104}}