{"15": {"1": 0.4772913068300113, "2": 1.620391750941053, "4": 5.985923230298795, "8": 20.38865736447042, "16": 53.17428695736453}}