{"18": {"1": 0.13574596941180062, "2": 0.5916695031046402, "4": 2.7800614290172234, "8": 11.355629900324857, "16": 34.500248133263085}}