{"18": {"1": 0.2884793240664294, "2": 1.3612224038224667, "4": 6.373037439596374, "8": 24.59085459727794, "16": 65.20469987735851}}