{"15": {"1": 0.5710813202313147, "2": 2.0517060506390408, "4": 7.554814932402223, "8": 25.120287218131125, "16": 64.26099870563485}}