{"13": {"1": 1.34673848352395, "2": 4.045498960884288, "4": 13.02395371068269, "8": 37.724615599028766, "16": 87.63804742041975}}