{"13": {"1": 3.413555570296012, "2": 10.779779161326587, "4": 32.29694376885891, "8": 80.02112356573343, "16": 146.60151685401797}}