{"12": {"1": 5.4299274371005595, "2": 15.363961275666952, "4": 41.24246543645859, "8": 92.2648082524538, "16": 158.3483192063868}}