{"18": {"1": 0.09338317142101005, "2": 0.37715835256676655, "4": 1.6247152340656612, "8": 6.360331433475949, "16": 21.035454124968965}}