{"18": {"1": 0.09302015445427969, "2": 0.3722497144190129, "4": 1.6244069506064989, "8": 6.370816002599895, "16": 20.40902915020706}}