{"12": {"1": 1.97628317005001, "2": 5.416942649986595, "4": 15.903489797841758, "8": 41.83947421866469, "16": 88.7102989127161}}