{"19": {"1": 2.188292372971773, "2": 9.809228105004877, "4": 37.18529728055, "8": 97.81238969415426, "16": 167.23365088552237}}