{"15": {"1": 1.4190968326875009, "2": 5.32085461798124, "4": 19.055050629656762, "8": 56.07257444597781, "16": 118.70762476418167}}