{"15": {"1": 0.5837480694171973, "2": 2.0309268404962495, "4": 7.411326015833765, "8": 24.212737313471735, "16": 59.886216120794415}}