{"12": {"1": 2.3924934284295887, "2": 6.702312679961324, "4": 19.567409992218018, "8": 53.492589220870286, "16": 112.25235013058409}}