{"20": {"1": 0.038149581541802036, "2": 0.17786546299612382, "4": 0.8954287904125522, "8": 3.9040839393856004, "16": 13.627719021344092}}