{"19": {"1": 0.07966171605949057, "2": 0.35787432349752635, "4": 1.6776168721262366, "8": 7.463573486806126, "16": 26.056988636555616}}