{"20": {"1": 0.47259807368391193, "2": 2.53012096034945, "4": 12.398727921070531, "8": 44.95023660827428, "16": 104.6627386934124}}