{"16": {"1": 0.6563228232553229, "2": 2.6231227290118113, "4": 10.54581884574145, "8": 35.224294900428504, "16": 83.47122310521081}}