{"13": {"1": 3.287637584959157, "2": 10.30285322619602, "4": 30.933623112738132, "8": 79.47799229435623, "16": 145.9001458287239}}