{"18": {"1": 0.10014412573946174, "2": 0.4035953845450422, "4": 1.785658947977936, "8": 7.223972755979048, "16": 22.506007288349792}}