{"15": {"1": 0.3972006549593061, "2": 1.3206495136546437, "4": 4.762368504074402, "8": 16.059752209461294, "16": 44.89496546960436}}