{"15": {"1": 0.5554423377616331, "2": 1.9890640653902665, "4": 7.403903869912028, "8": 24.739858905784786, "16": 63.42602731764782}}