{"20": {"1": 0.034982716337253805, "2": 0.15612515342218103, "4": 0.7542158660653513, "8": 3.3870669535535853, "16": 12.211501580160984}}