{"13": {"1": 1.4706915187416598, "2": 4.5743347513489425, "4": 14.37644775211811, "8": 40.724336605519056, "16": 89.99832335766405}}