{"15": {"8": 56.07257444597781, "16": 118.70762476418167, "18": 129.65563909104094, "20": 136.65637620072812, "22": 144.91382220666856, "24": 153.47005419433117}}