{"12": {"8": 163.18618363142014, "16": 217.2147689461708, "18": 221.68894410133362, "20": 225.42724141478539, "22": 230.1523227468133, "24": 232.36299722641706}}