{"17": {"8": 114.73029179871082, "16": 183.53166423738003, "18": 190.38888620585203, "20": 196.23378528654575, "22": 204.00179429352283, "24": 207.63238474726677}}