{"17": {"8": 21.59572507836856, "16": 56.64022514768294, "18": 64.25868000340415, "20": 70.95162632910069, "22": 77.3423374206177, "24": 75.09978633164428}}