{"13": {"8": 109.03540658950806, "16": 175.1371089220047, "18": 184.31460672989488, "20": 189.61934361234307, "22": 195.50192546099424, "24": 203.5612656250596}}