{"16": {"8": 35.621435943758115, "16": 85.5361038336996, "18": 95.0843173020985, "20": 103.31176999490708, "22": 111.65661065792665, "24": 117.78453826764598}}