{"19": {"8": 97.5567722544074, "16": 167.63102889060974, "18": 175.06810918450356, "20": 181.61055541038513, "22": 190.49087549746037, "24": 194.67030887305737}}