{"17": {"8": 28.416797176818363, "16": 73.28582018055022, "18": 82.38746848702431, "20": 90.99280998855829, "22": 99.41105697490275, "24": 106.25018220487982}}