{"17": {"8": 14.497937322128564, "16": 41.12433070654515, "18": 47.55115806660615, "20": 54.130990116042085, "22": 48.50849860638846, "24": 57.52011801046319}}