{"13": {"8": 29.612899953965098, "16": 71.10555532202125, "18": 79.94868537411094, "20": 60.11543698469177, "22": 95.49733459763229, "24": 100.41963007859886}}