{"19": {"8": 13.744798757747049, "16": 41.41000702383462, "18": 47.52598174462037, "20": 52.719410494872136, "22": 57.31658863951452, "24": 55.46087586984504}}