{"12": {"8": 72.93808080369945, "16": 135.60217706020921, "18": 145.58948362246156, "20": 155.12120568938553, "22": 162.59437468927354, "24": 169.96301960526034}}