{"16": {"8": 50.97411142522469, "16": 109.18216587975621, "18": 119.5316619714722, "20": 126.25331417657435, "22": 134.28140522446483, "24": 142.3617112627253}}