{"14": {"8": 94.95930172689259, "16": 163.79348487593234, "18": 174.17602602392435, "20": 180.04183154553175, "22": 186.59586903080344, "24": 195.53832620941103}}