{"16": {"8": 125.71245420724154, "16": 191.87549829483032, "18": 198.02095061540604, "20": 202.83662785589695, "22": 209.53468126058578, "24": 212.7360786497593}}