{"15": {"8": 61.75686417426914, "16": 125.39348076656461, "18": 136.6008332790807, "20": 143.68728895764798, "22": 151.9097387995571, "24": 160.41158603224903}}