{"19": {"8": 13.457292258215602, "16": 40.639510147571855, "18": 47.06433542077866, "20": 52.77002455152979, "22": 58.50549443140335, "24": 56.44162333037093}}