{"17": {"8": 15.139219902688637, "16": 43.06351753935451, "18": 49.8679260793142, "20": 56.87620735401288, "22": 51.32716869120486, "24": 60.42342667351477}}