{"14": {"8": 32.9523397940211, "16": 76.67363045189995, "18": 85.77439072955167, "20": 94.4173794966191, "22": 87.72799134254456, "24": 98.99560978473164}}