{"15": {"8": 85.01343278586864, "16": 152.97356996312737, "18": 163.4442038424313, "20": 169.68632803857327, "22": 177.1158190164715, "24": 187.10858627222478}}