{"12": {"8": 43.69638526190829, "16": 93.20974450139329, "18": 102.34868582570925, "20": 91.38513226888608, "22": 117.79013218265027, "24": 123.6857488071546}}