{"19": {"8": 52.364534843247384, "16": 115.22822033287957, "18": 126.47690222226083, "20": 133.07994169183075, "22": 141.41612520441413, "24": 152.9000027179718}}