{"13": {"8": 40.724336605519056, "16": 89.99832335766405, "18": 99.58770627621561, "20": 108.6772570675239, "22": 102.39572345139459, "24": 114.28039576526498}}