{"18": {"8": 16.154215935850516, "16": 48.15757541265339, "18": 55.480089028016664, "20": 61.61843465582933, "22": 67.10496892477386, "24": 65.0515869166702}}