{"12": {"8": 95.56907043606043, "16": 162.32698986306787, "18": 172.31429800391197, "20": 178.67893258854747, "22": 185.96173962578177, "24": 193.16558652371168}}