{"19": {"8": 32.47201743070036, "16": 84.90076544787735, "18": 95.71529314713553, "20": 102.78418948641047, "22": 111.28372941096313, "24": 120.32742935791612}}