{"14": {"8": 37.702897891402245, "16": 86.90417777188122, "18": 96.55104703991674, "20": 105.36609011120163, "22": 111.56199585506693, "24": 110.89451244240627}}