{"12": {"8": 90.41024927422404, "16": 157.58408338576555, "18": 167.7025851868093, "20": 174.07155695930123, "22": 181.56849440187216, "24": 189.2448645606637}}