{"16": {"8": 121.74898934736848, "16": 188.6996123343706, "18": 195.08738605678082, "20": 200.53660781681538, "22": 207.6924492418766, "24": 210.99523358047009}}