{"17": {"8": 20.38518042396754, "16": 56.269908261077944, "18": 63.98480673530139, "20": 70.81524860381614, "22": 76.16432843491202, "24": 74.71097252890468}}