{"18": {"8": 15.81245749432128, "16": 45.45455164229497, "18": 52.29851219896227, "20": 58.55788649432361, "22": 63.568053831811994, "24": 62.05310374405235}}