{"19": {"8": 19.27232444868423, "16": 56.374307366495486, "18": 64.64509637866286, "20": 72.05958947619365, "22": 80.51951007655589, "24": 86.60851124138571}}