{"14": {"8": 71.10329877585173, "16": 134.69862538203597, "18": 145.09564919024706, "20": 151.8084575086832, "22": 159.85666367784142, "24": 167.8404447939247}}