{"13": {"8": 49.40925389621407, "16": 104.2169789460022, "18": 114.14590159407817, "20": 123.12097860360518, "22": 129.41352451965213, "24": 128.98424502718262}}