{"14": {"8": 94.77054158970714, "16": 165.05285377427936, "18": 175.37433445081115, "20": 181.32916340231895, "22": 188.04302716255188, "24": 197.254269156605}}