{"19": {"8": 32.34167433180846, "16": 83.36915428191423, "18": 93.50150201562792, "20": 100.03830880764872, "22": 107.8071329491213, "24": 116.14751403406262}}