{"15": {"8": 42.864174358546734, "16": 97.12884193239734, "18": 107.07375241443515, "20": 115.93934704177082, "22": 124.84045763500035, "24": 131.60507352650166}}