{"14": {"8": 142.34629748016596, "16": 203.39625357091427, "18": 208.78275272250175, "20": 213.3125172406435, "22": 219.10548102855682, "24": 221.82034645974636}}