{"14": {"8": 39.95209227222949, "16": 89.64188437536359, "18": 99.19742543809116, "20": 107.59701008256525, "22": 114.32610629592091, "24": 112.67231430020183}}