{"16": {"8": 33.488289958797395, "16": 80.53832241334021, "18": 89.2885690308176, "20": 96.91184675483964, "22": 105.08683361997828, "24": 111.09232774656266}}