{"17": {"8": 15.949086536245886, "16": 45.55955343639653, "18": 52.73141360381851, "20": 59.98273083262029, "22": 54.20741231692955, "24": 63.909692888730206}}