{"14": {"8": 27.18633776344359, "16": 65.57995728240348, "18": 73.05362318782136, "20": 63.77919854805805, "22": 86.4084126194939, "24": 91.56654305342818}}