{"18": {"8": 11.785970002645627, "16": 35.70498787885299, "18": 41.70365158619825, "20": 47.96875098900637, "22": 42.79082056565676, "24": 51.14512283867225}}