{"17": {"8": 29.542428334942088, "16": 75.07873682677746, "18": 83.96559295809129, "20": 92.15225381171331, "22": 100.68838413106278, "24": 107.48510948009789}}