{"12": {"8": 38.86472308635712, "16": 88.28145001691882, "18": 98.16703570325626, "20": 75.96491222409531, "22": 114.97493479901459, "24": 119.49390820674307}}