{"19": {"8": 30.936475000111386, "16": 79.82689845189452, "18": 89.5688693728298, "20": 95.91321520321071, "22": 103.71339559555054, "24": 112.25189373735338}}