{"16": {"8": 12.191008251626045, "16": 35.077578930417076, "18": 40.379558028653264, "20": 28.391370776342228, "22": 50.885671304306015, "24": 55.352493518497795}}