{"15": {"8": 43.40467300801538, "16": 97.73292414459866, "18": 107.7036423641257, "20": 116.32216467522085, "22": 124.87772305775434, "24": 131.61119496589527}}