{"15": {"8": 30.894860212458298, "16": 75.14170315116644, "18": 83.96716299653053, "20": 91.59143884759396, "22": 97.21080091688782, "24": 96.11056116688997}}