{"17": {"8": 12.1987567031465, "16": 36.827345291516394, "18": 41.59105499908037, "20": 35.547418236208614, "22": 51.2852764561394, "24": 55.40227801632136}}