{"13": {"8": 149.35967909544706, "16": 209.8379346728325, "18": 214.89826902747154, "20": 219.17052164673805, "22": 224.58747121691704, "24": 227.1173912882805}}