{"15": {"8": 26.776508516981266, "16": 65.53647224116139, "18": 74.34455978800543, "20": 82.94450413249433, "22": 76.81376956636086, "24": 87.77612606808543}}