{"13": {"8": 150.97561532258987, "16": 210.6802060008049, "18": 215.90973272919655, "20": 220.2729878127575, "22": 225.78090408444405, "24": 228.49649822711945}}