{"19": {"8": 47.25426103267819, "16": 104.35548861138523, "18": 114.59996074065566, "20": 120.92699728999287, "22": 129.05342360865325, "24": 140.22107033710927}}