{"18": {"8": 107.19315533339977, "16": 176.97627710551023, "18": 183.7139090448618, "20": 189.4526501968503, "22": 197.24604158103466, "24": 200.96156300604343}}