{"16": {"8": 15.35193745745346, "16": 43.2820456516929, "18": 48.388276513738674, "20": 42.1021210635663, "22": 58.97449712106027, "24": 63.62382304202765}}