{"13": {"8": 33.726235216949135, "16": 79.26523373229429, "18": 87.87898341286927, "20": 77.71921123564243, "22": 102.62379076192155, "24": 108.52743477839977}}