{"12": {"8": 156.78115020692348, "16": 211.2799495011568, "18": 216.00658470392227, "20": 220.05934461951256, "22": 225.06944334506989, "24": 227.45194393396378}}