{"16": {"8": 49.6125060711056, "16": 109.16258600354195, "18": 120.63231958448887, "20": 128.13065342605114, "22": 137.17913085222244, "24": 146.31996389478445}}