{"19": {"8": 30.622939377091825, "16": 81.35064990352839, "18": 91.44301185081713, "20": 97.86638870323077, "22": 105.482630856568, "24": 113.5730102508096}}