{"15": {"8": 31.69031797675416, "16": 77.6044620439352, "18": 87.19199517654488, "20": 95.39485997904558, "22": 102.36020111758262, "24": 100.50549173681065}}