{"12": {"8": 61.102640975732356, "16": 120.38817712571472, "18": 130.27402476593852, "20": 138.90153590030968, "22": 145.2220111861825, "24": 144.68770194402896}}