{"14": {"8": 69.83027070015669, "16": 135.21971571911126, "18": 145.9666294362396, "20": 152.8045831155032, "22": 160.85761453863233, "24": 169.18243014253676}}