{"19": {"8": 13.628063739393838, "16": 41.781965213420335, "18": 48.15889779187273, "20": 53.27855346095748, "22": 58.41393149297801, "24": 56.160668665659614}}