{"16": {"8": 25.99671849166043, "16": 66.69931341614574, "18": 75.35236736421939, "20": 82.63118924555602, "22": 89.13143415817467, "24": 86.94326123071369}}