{"14": {"8": 32.12830623239279, "16": 74.60466999793425, "18": 83.47417566040531, "20": 91.91106295399368, "22": 85.9826618838124, "24": 96.81130784843117}}