{"19": {"8": 17.706200065964367, "16": 50.84628985100426, "18": 57.742874999763444, "20": 64.34782926383195, "22": 71.25091244537907, "24": 76.81614711030852}}