{"16": {"8": 123.14797389134765, "16": 189.76273369789124, "18": 195.94538640975952, "20": 201.40663177892566, "22": 208.39256044104695, "24": 211.5945575349033}}