{"13": {"8": 34.508668990805745, "16": 77.61142604093766, "18": 85.47498091601301, "20": 75.81113370708772, "22": 99.97046899102861, "24": 105.65545128297526}}