{"18": {"8": 110.89085463434458, "16": 180.84729481488466, "18": 188.03684847801924, "20": 193.88318813592196, "22": 201.90746028721333, "24": 205.67949694395065}}