{"15": {"8": 134.21747260540724, "16": 198.58130165934563, "18": 204.34931868314743, "20": 208.99691513180733, "22": 215.38534827530384, "24": 218.42625558376312}}