{"18": {"8": 16.61840507562738, "16": 49.58498342265375, "18": 56.94282055471558, "20": 63.55481557472376, "22": 68.48346086439051, "24": 67.47133380133891}}