{"15": {"8": 20.930029950104654, "16": 56.177604127675295, "18": 62.900587539421394, "20": 54.66155506740324, "22": 76.07651739800349, "24": 81.62724611442536}}