{"14": {"8": 23.469727128045633, "16": 59.48222721781349, "18": 67.63998482539319, "20": 49.327457984480134, "22": 82.48734976921696, "24": 87.37060897503397}}