{"14": {"8": 141.48137263953686, "16": 204.22644209861755, "18": 209.87199142575264, "20": 214.61551305651665, "22": 220.61003375053406, "24": 223.4065288901329}}