{"14": {"8": 29.06361591955647, "16": 70.19877393869683, "18": 77.35702511458658, "20": 68.24294310354162, "22": 91.64943822019268, "24": 98.06210033874959}}