{"13": {"8": 40.74623508285731, "16": 90.99977000849321, "18": 101.02501149685122, "20": 110.18525935756043, "22": 102.43595818441827, "24": 115.01464031706564}}