{"18": {"8": 11.364666848210618, "16": 34.91190515644848, "18": 40.87091548541139, "20": 47.12821651507329, "22": 41.97940481660771, "24": 50.21815350430552}}