{"12": {"8": 42.89667787216604, "16": 92.99806242156774, "18": 102.74431015644222, "20": 80.86268679238856, "22": 118.90876943990588, "24": 122.58517353981733}}