{"17": {"8": 30.434177768533118, "16": 78.64864144979583, "18": 88.41364101867657, "20": 97.41680942145467, "22": 106.48480944015319, "24": 113.7102029611342}}