{"14": {"8": 67.4060913939029, "16": 133.38814601674676, "18": 144.09834352880716, "20": 150.8957096710801, "22": 159.04992703348398, "24": 167.32711950689554}}