{"12": {"8": 38.6117783440277, "16": 86.38944816705771, "18": 96.23709804331884, "20": 74.64213226595894, "22": 113.7657113645837, "24": 119.08821510686539}}