{"19": {"8": 7.0005656576831825, "16": 23.356030161841772, "18": 26.29481290874537, "20": 22.357501099351794, "22": 32.996378162759356, "24": 35.947199185960926}}