{"19": {"8": 6.878734883037396, "16": 23.61321103622322, "18": 27.070210607198533, "20": 22.56200107303448, "22": 34.71495617128676, "24": 38.19025687596877}}