{"15": {"8": 83.87798193842173, "16": 152.08539485931396, "18": 162.30516248196363, "20": 168.25936569273472, "22": 175.24467466771603, "24": 184.94582783430815}}