{"17": {"8": 9.061441392404959, "16": 28.247803105594357, "18": 32.69160892767832, "20": 22.329216320533305, "22": 41.44052774331067, "24": 44.65451028035022}}