{"17": {"8": 12.30529502290301, "16": 36.82214064884465, "18": 41.67315669299569, "20": 35.55510690360097, "22": 51.42915152735077, "24": 55.40376839588862}}