{"13": {"8": 147.33839336037636, "16": 205.31571194529533, "18": 210.60689722001553, "20": 215.3393917530775, "22": 220.99911585450172, "24": 223.71096593141556}}