{"12": {"8": 96.2326281517744, "16": 165.7957224920392, "18": 176.51821383088827, "20": 183.2416866272688, "22": 190.74937407672405, "24": 198.05164259672165}}