{"18": {"8": 23.470215263660066, "16": 63.389504901715554, "18": 71.97764546547842, "20": 79.31309426066582, "22": 87.87222488605767, "24": 93.74126018988318}}