{"19": {"8": 9.666414440143853, "16": 30.161378756107297, "18": 35.38834793434944, "20": 40.88695260742679, "22": 36.53422136604786, "24": 43.76749271247536}}