{"18": {"8": 7.113606410974171, "16": 23.644169293926097, "18": 27.635862104478292, "20": 18.645742000080645, "22": 35.684981725993566, "24": 38.924823314882815}}