{"13": {"8": 46.92430252733175, "16": 98.61715752165765, "18": 107.95910673588514, "20": 116.05592755228281, "22": 122.82355493027717, "24": 121.35132285393775}}