{"17": {"8": 65.77330439724028, "16": 131.49624736234546, "18": 142.13734185695648, "20": 148.50410398840904, "22": 156.28700726106763, "24": 166.74325849115849}}