{"13": {"8": 156.32613929361105, "16": 211.44766545295715, "18": 216.11353906989098, "20": 219.8480118960142, "22": 224.92378160357475, "24": 227.3561439216137}}