{"16": {"8": 123.63583789765835, "16": 190.94664759933949, "18": 197.37865468859673, "20": 202.89493039250374, "22": 209.90371610224247, "24": 213.22019581496716}}