{"19": {"8": 52.58977974392474, "16": 117.2868459559977, "18": 128.9396956693381, "20": 135.9255364127457, "22": 144.48517397791147, "24": 156.22616809606552}}