{"13": {"8": 63.70250819437206, "16": 127.90730791445822, "18": 138.01179594546556, "20": 147.15537009574473, "22": 155.03901038132608, "24": 161.91952533833683}}