{"12": {"8": 69.97673039045185, "16": 129.957431221148, "18": 139.5904547017999, "20": 148.5700509119779, "22": 155.8488178793341, "24": 162.77465865854174}}