{"17": {"8": 41.16216238285415, "16": 97.63756863633171, "18": 108.67807024065405, "20": 115.89156125625595, "22": 124.70707906922325, "24": 133.87585327005945}}