{"15": {"8": 31.757526281755418, "16": 79.8789411227699, "18": 89.69716934441385, "20": 98.41146801869036, "22": 104.90043982176576, "24": 103.42105793624478}}