{"16": {"8": 49.738344587385654, "16": 108.8058461220935, "18": 119.838414282538, "20": 126.8470154646784, "22": 135.1823809146881, "24": 143.935332454741}}