{"19": {"8": 32.67145542264916, "16": 85.66799963917583, "18": 96.3732600286603, "20": 103.3798226621002, "22": 111.96964902058244, "24": 120.96485856501386}}