{"15": {"8": 31.706731889396906, "16": 77.08980088774115, "18": 86.38879193738103, "20": 94.21369798202068, "22": 100.4170954702422, "24": 98.85260368790478}}