{"19": {"8": 54.261374447029084, "16": 119.82385352440178, "18": 131.26217919401824, "20": 137.9440779518336, "22": 146.1417472269386, "24": 157.3751581031829}}