{"12": {"8": 118.52056758478284, "16": 183.62270145863295, "18": 192.2890140004456, "20": 197.31548818573356, "22": 202.79798516258597, "24": 210.44104424118996}}