{"12": {"8": 46.52455510944128, "16": 98.12952914834023, "18": 107.6164789579343, "20": 96.3514801892452, "22": 123.41719986007229, "24": 129.58545774640515}}