{"18": {"8": 15.2284230197547, "16": 44.38933317793999, "18": 51.14591028686846, "20": 57.23415196413407, "22": 61.924857029516716, "24": 60.639809414802585}}