{"14": {"8": 70.14861479774117, "16": 135.3279811143875, "18": 145.9886320978403, "20": 152.95486684516072, "22": 161.10999192669988, "24": 169.17266731709242}}