{"16": {"8": 13.654356766142882, "16": 39.48831449588761, "18": 45.19576013996266, "20": 32.08054778538644, "22": 55.835896935430355, "24": 59.255050316569395}}