{"17": {"8": 28.76809033472091, "16": 74.53222140460275, "18": 83.54823227983434, "20": 91.21089161303826, "22": 99.64780250820331, "24": 105.87402210640721}}