{"14": {"8": 91.92872063070536, "16": 160.23316325619817, "18": 170.42923678271472, "20": 176.3627293277532, "22": 183.16106108296663, "24": 192.2759715653956}}