{"13": {"8": 64.15889220219105, "16": 125.78973318263888, "18": 135.94515469297767, "20": 144.68823940306902, "22": 152.17271673679352, "24": 158.57646539621055}}