{"18": {"8": 107.19320459663868, "16": 177.86440624296665, "18": 184.8070099800825, "20": 190.80891728401184, "22": 198.96908731758595, "24": 202.75947934389114}}