{"15": {"8": 27.94637920241803, "16": 69.04594032680325, "18": 78.1424468458863, "20": 87.2757556438446, "22": 80.55855677183717, "24": 92.25539461476728}}