{"18": {"8": 11.746063756931107, "16": 35.00012029056961, "18": 40.825581405777484, "20": 46.896192530344706, "22": 42.22338916634908, "24": 50.132996387255844}}