{"17": {"8": 112.14663204550743, "16": 181.0530051290989, "18": 187.5049547329545, "20": 192.83974094688892, "22": 200.39096048474312, "24": 203.99100854247808}}