{"12": {"1": 0.005663965009327512, "2": 0.016110116937546992, "4": 0.047392316383309666, "8": 0.12955711629998404, "16": 0.2895323381918715}, "13": {"1": 0.003642761912604328, "2": 0.011072542423382402, "4": 0.03519029043079354, "8": 0.10062992031819885, "16": 0.23709505256754346}, "14": {"1": 0.0023089223717106507, "2": 0.007566916526993737, "4": 0.025621962572564373, "8": 0.08021670030016685, "16": 0.20063196709041223}, "15": {"1": 0.001378090670579695, "2": 0.004874076106410939, "4": 0.017949035143799846, "8": 0.060438068152056074, "16": 0.16091295439908573}, "16": {"1": 0.0008580736675503431, "2": 0.003245205467392225, "4": 0.012777357447892428, "8": 0.04643096821321524, "16": 0.13086588935230248}, "17": {}, "18": {}, "19": {}}