{"12": {"1": 1.4148620472406037, "2": 4.014770386973396, "4": 11.776299325283617, "8": 32.95014589861967, "16": 73.4240018283017}}