{"12": {"1": 1.4814393897540867, "2": 4.266196799231693, "4": 12.77267980540637, "8": 34.769731062231585, "16": 76.77795403706841}}