{"16": {"1": 0.2084621758403955, "2": 0.7701373436430003, "4": 2.995410112082027, "8": 10.657858732622117, "16": 31.069735936607685}}