{"20": {"1": 0.03418692922969058, "2": 0.1729666121682385, "4": 0.9291879442680511, "8": 4.570610755275993, "16": 16.821441944353865}}