{"13": {"1": 0.9383198113646358, "2": 2.8360705255763605, "4": 9.131943821441382, "8": 26.85882013500668, "16": 62.27254254720174}}