{"15": {"1": 0.3287441012362251, "2": 1.146915599820204, "4": 4.309911640943028, "8": 14.99154533748515, "16": 39.14606651064241}}