{"16": {"1": 0.21637219574768096, "2": 0.8296593815903179, "4": 3.3294508986582514, "8": 12.482351185171865, "16": 36.37396172861918}}