{"16": {"1": 0.21736251849506516, "2": 0.816778478998458, "4": 3.2256092182942666, "8": 11.581068201630842, "16": 34.262330294249296}}