{"20": {"1": 0.03385511486703763, "2": 0.16802499537880067, "4": 0.8898655209559365, "8": 4.234186040767781, "16": 15.054868534854904}}