{"12": {"1": 15.119072878733277, "2": 39.448413379490376, "4": 92.39379301667213, "8": 166.28114646673203, "16": 218.248853713274}}