{"12": {"1": 3.653902863152325, "2": 10.54012902174145, "4": 30.712728081271052, "8": 74.6390133779496, "16": 137.09194045560434}}