{"19": {"1": 0.09178680621698732, "2": 0.4379517735505942, "4": 2.1677171093178913, "8": 9.49309324812566, "16": 30.282309995091055}}