{"18": {"1": 0.9671021002577618, "2": 4.514850781997666, "4": 18.825856951531023, "8": 58.39724425971508, "16": 124.65454840660095}}