{"18": {"1": 0.11742730479454622, "2": 0.492965135286795, "4": 2.2069488128181547, "8": 9.038748586579459, "16": 28.389435267345107}}