{"14": {"1": 0.9412474654382095, "2": 3.09106154483743, "4": 10.503576159244403, "8": 31.093223634175956, "16": 71.77465908881277}}