{"19": {"1": 0.12203644100372912, "2": 0.6199911020230502, "4": 3.169745758816134, "8": 13.457292091508862, "16": 40.639510677050566}}