{"16": {"1": 0.2534517229942139, "2": 0.8896544693270698, "4": 3.3781723168794997, "8": 11.824690812267363, "16": 34.142764639575034}}