{"12": {"1": 2.4107939531095326, "2": 6.830854365602136, "4": 20.253230787813663, "8": 54.54156041517854, "16": 110.78847235674039}}