{"15": {"1": 0.47235060203820467, "2": 1.6008110163384117, "4": 5.762851043138653, "8": 19.24272451014258, "16": 51.74805846856907}}