{"20": {"1": 0.054358508488803636, "2": 0.27217160150030395, "4": 1.4561822922260035, "8": 6.8994047059095465, "16": 24.672586284927092}}