{"12": {"1": 2.8164391238242388, "2": 8.192174885421991, "4": 23.26953282766044, "8": 59.319339752197266, "16": 115.98713470436633}}