{"20": {"1": 0.11258614601683803, "2": 0.6541336945083458, "4": 3.7133377056743484, "8": 16.832314098253846, "16": 51.740730668534525}}