{"18": {"1": 3.1715883415890858, "2": 12.609214520081878, "4": 43.58504625596106, "8": 107.19320522993803, "16": 177.8644049614668}}