{"16": {"1": 0.6267109305190388, "2": 2.5054389879805967, "4": 10.088143417146057, "8": 34.05856921477243, "16": 82.99904654826969}}