{"14": {"1": 2.4070341762853786, "2": 8.107916995417327, "4": 26.009718995541334, "8": 69.83027070015669, "16": 135.21971571911126}}