{"15": {"1": 0.47217582596931607, "2": 1.6337387101957574, "4": 6.063412997871637, "8": 20.83726803632453, "16": 55.95153557159938}}