{"19": {"1": 0.1242976126159192, "2": 0.6191822806868004, "4": 3.114315726706991, "8": 13.549487736774608, "16": 40.20462730451254}}