{"14": {"1": 1.123832662589848, "2": 3.8412757916375995, "4": 13.498234163736925, "8": 40.76161119528115, "16": 93.26332299411297}}