{"12": {"1": 2.6959911505691707, "2": 7.743073900230229, "4": 22.750685253180563, "8": 57.443518586456776, "16": 114.06089427880943}}