{"12": {"1": 1.808900563744828, "2": 4.8649469232186675, "4": 14.49848938593641, "8": 40.18932706513442, "16": 87.3523397021927}}