{"16": {"1": 0.46880807416164316, "2": 1.8466697760741226, "4": 7.480375402490608, "8": 25.99671849166043, "16": 66.69931341614574}}