{"17": {"1": 1.644305925903609, "2": 6.860443924320862, "4": 25.50272462889552, "8": 72.08782423660159, "16": 141.00625767186284}}