{"18": {"1": 0.09707886930846144, "2": 0.40015480789588764, "4": 1.8170144634786993, "8": 7.3939201519824564, "16": 23.987256300635636}}