{"16": {"1": 0.37881991965696216, "2": 1.4488487435737625, "4": 5.661478348833043, "8": 19.88478062703507, "16": 52.813746286788955}}