{"12": {"1": 5.051738681271672, "2": 14.70740120112896, "4": 40.88209059648216, "8": 95.56907043606043, "16": 162.32698986306787}}