{"19": {"1": 0.05957987606234383, "2": 0.26171536205220036, "4": 1.2111777891404927, "8": 5.146275016712025, "16": 18.246793135491316}}