{"16": {"1": 0.2427110763528617, "2": 0.8675563625874929, "4": 3.3427791335852817, "8": 12.191008251626045, "16": 35.077578930417076}}