{"13": {"1": 1.4914921626914293, "2": 4.504096377873793, "4": 14.288616007193923, "8": 40.74623508285731, "16": 90.99977000849321}}