{"16": {"1": 0.4922613520757295, "2": 1.9354203661787324, "4": 7.75888725486584, "8": 27.13482429855503, "16": 67.88585312548093}}