{"17": {"1": 0.18621642439393327, "2": 0.7297432911000215, "4": 3.0558492676354945, "8": 12.139639258704847, "16": 37.27011728513753}}