{"15": {"1": 1.0115984972799197, "2": 3.7206268939189613, "4": 13.715791273862123, "8": 43.40467300801538, "16": 97.73292414459866}}