{"12": {"1": 2.4040082751307636, "2": 6.91743905749172, "4": 21.0558834602125, "8": 55.835556669160724, "16": 113.42494896054268}}