{"19": {"1": 0.3010449691209942, "2": 1.5632990488229552, "4": 7.813191670924425, "8": 30.917639965657145, "16": 81.71212843479589}}