{"13": {"1": 1.1564784232177772, "2": 3.348448581760749, "4": 10.644222831353545, "8": 31.526827639900148, "16": 75.49725512601435}}