{"20": {"1": 0.07713383717782563, "2": 0.41127010859781876, "4": 2.2511458343069535, "8": 10.90792155044619, "16": 35.69552400277462}}