{"13": {"1": 1.1211214809445664, "2": 3.327934894710779, "4": 10.649454060010612, "8": 31.489176261471584, "16": 72.96053014684003}}