{"12": {"1": 2.095780616160482, "2": 5.978103939443827, "4": 17.636231776326895, "8": 47.17955177463591, "16": 99.75443706102669}}