{"19": {"1": 0.09542551888443995, "2": 0.453839770576451, "4": 2.2687167945550755, "8": 9.66641427821014, "16": 30.16137888940284}}