{"17": {"1": 0.18541437218664214, "2": 0.7167297557462007, "4": 3.1172909392626025, "8": 12.1987567031465, "16": 36.827345291516394}}