{"12": {"1": 1.9370237910188735, "2": 5.334974552039057, "4": 15.870881865732372, "8": 43.69638526190829, "16": 93.20974450139329}}