{"17": {"1": 0.297692470572656, "2": 1.2936621914268471, "4": 5.614920490625082, "8": 21.47498720884323, "16": 58.532840392552316}}