{"18": {"1": 2.9102566007059067, "2": 12.02560457168147, "4": 43.19264362566173, "8": 108.00152042880654, "16": 175.5557150542736}}