{"13": {"1": 1.2986785873072222, "2": 3.860066492110491, "4": 12.167273324448615, "8": 34.508668990805745, "16": 77.61142604093766}}