{"20": {"1": 0.07577033903362462, "2": 0.41160720701736864, "4": 2.230990173527971, "8": 10.982543016318232, "16": 37.10011718040914}}