{"17": {"1": 0.662052932952065, "2": 2.91972140641883, "4": 12.355884183838498, "8": 41.41757004358806, "16": 98.40594022907317}}