{"15": {"1": 6.643186028813943, "2": 21.43352137785405, "4": 61.500447168946266, "8": 131.0389292538166, "16": 194.41435900330544}}