{"19": {"1": 0.30375068755529355, "2": 1.6009513600729406, "4": 8.125281242188066, "8": 31.723976171575487, "16": 83.2945589760784}}