{"14": {"1": 1.1646006726659834, "2": 3.86521093477495, "4": 12.991414139512926, "8": 39.34041547961533, "16": 88.86471340991557}}