{"16": {"1": 5.312782677123323, "2": 18.37091066595167, "4": 56.3874062821269, "8": 125.71245420724154, "16": 191.87549829483032}}