{"15": {"1": 1.5683271451853216, "2": 5.915550619596615, "4": 20.761534965131432, "8": 59.57185993529856, "16": 123.00567017868161}}