{"12": {"1": 2.8547760541550815, "2": 8.133205119520426, "4": 23.277708520181477, "8": 59.30094086471945, "16": 118.20810333499685}}