{"19": {"1": 0.7585896445380058, "2": 3.6680165303405374, "4": 16.02381095243618, "8": 52.9413727382198, "16": 115.99011160153896}}