{"14": {"1": 0.8086495283059776, "2": 2.613512910204008, "4": 8.902659438783303, "8": 28.622723286855035, "16": 70.6788581283763}}