{"13": {"1": 1.2998410918517038, "2": 3.8903058185242116, "4": 12.190677162725478, "8": 35.64664488635026, "16": 80.37067281524651}}