{"12": {"1": 2.3292005294933915, "2": 6.474794275825843, "4": 19.043075116351247, "8": 51.09937950409949, "16": 105.4429818149656}}