{"19": {"1": 0.0875981420831522, "2": 0.41604318375175353, "4": 2.0684201242111158, "8": 9.26962918008212, "16": 29.49488467304036}}