{"19": {"1": 0.12299889579298906, "2": 0.602854098106036, "4": 3.051661192177562, "8": 13.328754410613328, "16": 40.807114949508104}}