{"12": {"1": 3.36213156953454, "2": 9.966686696745455, "4": 29.013876669108868, "8": 69.97673039045185, "16": 129.957431221148}}