{"13": {"1": 2.3159941057674587, "2": 7.205321196699515, "4": 22.651420989073813, "8": 61.82924780622125, "16": 123.21849922649562}}