{"19": {"1": 0.12281035889463965, "2": 0.6178903661202639, "4": 3.1096891560591757, "8": 13.662576176982839, "16": 41.36321985558607}}