{"17": {"1": 0.29109613262698986, "2": 1.272916109446669, "4": 5.579161473127897, "8": 20.66036765789613, "16": 55.59306473005563}}