{"12": {"1": 8.653390584513545, "2": 23.320973677560687, "4": 58.977303467690945, "8": 121.04640797525644, "16": 187.12272173166275}}