{"12": {"1": 2.861873134272173, "2": 8.245800166390836, "4": 23.697820998262614, "8": 61.102640975732356, "16": 120.38817712571472}}