{"12": {"1": 18.15092620253563, "2": 45.1297497600317, "4": 98.90533120930195, "8": 170.1130607649684, "16": 221.30637501180172}}