{"20": {"1": 0.19050033512030495, "2": 1.0818375458184164, "4": 5.930395143514033, "8": 25.327660826034844, "16": 71.78110601846129}}