{"16": {"1": 0.49488178253523074, "2": 1.96616385364905, "4": 7.976558327092789, "8": 28.2010225339327, "16": 69.36208148673177}}