{"13": {"1": 1.692289161554072, "2": 5.318516743485816, "4": 17.186150590423495, "8": 46.92430252733175, "16": 98.61715752165765}}