{"17": {"1": 0.1589369027497014, "2": 0.6076598365325481, "4": 2.5504034890327603, "8": 9.888603660918307, "16": 30.175261845928617}}