{"13": {"1": 1.4028192214900628, "2": 4.26916990801692, "4": 13.64960930077359, "8": 39.76265158178285, "16": 88.57371535303537}}