{"13": {"1": 6.213655475527048, "2": 18.127493855543435, "4": 49.69575244002044, "8": 109.03540658950806, "16": 175.1371089220047}}