{"16": {"1": 1.0352419760311022, "2": 4.269865456037223, "4": 16.64868449512869, "8": 50.97411142522469, "16": 109.18216587975621}}