{"18": {"1": 0.15024585497303633, "2": 0.6450889977568295, "4": 2.8669780818745494, "8": 12.029446567990817, "16": 36.966641934239306}}