{"17": {"1": 0.39659412822220474, "2": 1.7350758438115008, "4": 7.669697741512209, "8": 28.416797176818363, "16": 73.28582018055022}}