{"16": {"1": 5.046819527517073, "2": 17.7339387643151, "4": 54.8087411634624, "8": 123.14797389134765, "16": 189.76273369789124}}