{"19": {"1": 0.07556306605692953, "2": 0.34221405581047293, "4": 1.6157979415729642, "8": 6.786269061616622, "16": 22.9312109737657}}