{"16": {"1": 0.24870431440649554, "2": 0.8859974652295932, "4": 3.4995588751044124, "8": 12.453701455960982, "16": 35.43387355143204}}