{"19": {"1": 0.06072091186433681, "2": 0.2593524390395032, "4": 1.1626184611814097, "8": 4.798996467987308, "16": 16.299046031257603}}