{"12": {"1": 2.3443941029254347, "2": 6.52360035921447, "4": 19.10261487821117, "8": 50.48851837741677, "16": 103.63376298453659}}