{"17": {"1": 1.3848843130399473, "2": 6.023910110699944, "4": 23.422940767370164, "8": 67.9845238942653, "16": 135.18932505324483}}