{"13": {"1": 1.3206765664508566, "2": 3.9435230118688196, "4": 12.553894346114248, "8": 36.65317001007497, "16": 83.77786943450337}}