{"16": {"1": 0.4464304576104041, "2": 1.7859118528431281, "4": 7.259103621356189, "8": 25.615297215990722, "16": 66.6602285578847}}