{"16": {"1": 1.9996386317070574, "2": 7.710327584063634, "4": 27.499985370784998, "8": 75.60941740125418, "16": 144.37245206534863}}