{"13": {"1": 1.719796264427714, "2": 5.3938645797315985, "4": 17.03031039168127, "8": 47.04179464653134, "16": 99.8950883038342}}