{"12": {"1": 7.82455550157465, "2": 22.101809524931014, "4": 57.20755986496806, "8": 119.28018227219582, "16": 185.37261898815632}}