{"17": {"1": 0.3877032369200606, "2": 1.6226459968020208, "4": 7.220163020072505, "8": 26.502788812387735, "16": 69.64662577258423}}