{"12": {"1": 3.427994118537754, "2": 10.201467572711408, "4": 29.841010889038444, "8": 75.34550138562918, "16": 141.8959149159491}}