{"14": {"1": 2.1522303086239845, "2": 7.4123414773494005, "4": 24.814008423592895, "8": 67.4960016887635, "16": 132.53648951649666}}