{"14": {"1": 1.1200854671187699, "2": 3.746483474620618, "4": 12.681438876781613, "8": 38.74002560507506, "16": 88.17642119014636}}