{"15": {"1": 7.449208707083017, "2": 23.629921024665236, "4": 64.9557320587337, "8": 134.21747260540724, "16": 198.58130165934563}}