{"18": {"1": 0.14418960343755316, "2": 0.6404739447170869, "4": 2.9661563634872437, "8": 11.874412758741528, "16": 34.639645387243945}}