{"13": {"1": 5.65900118695572, "2": 17.06610589660704, "4": 47.446434719488025, "8": 105.63849826902151, "16": 173.7263407483697}}