{"17": {"1": 0.1526229468290694, "2": 0.5867799684056081, "4": 2.417849372897763, "8": 9.061441392404959, "16": 28.247803105594357}}