{"15": {"1": 6.877760339295492, "2": 22.005528116598725, "4": 62.52233153954148, "8": 131.64059388265014, "16": 195.37739193439484}}