{"17": {"1": 0.18101977539481595, "2": 0.7068818862899207, "4": 2.973917437135242, "8": 10.995559686765773, "16": 32.8186106523608}}