{"14": {"1": 0.9189555454067886, "2": 3.040895572397858, "4": 10.5075474656187, "8": 32.67058035824448, "16": 75.5232895705849}}