{"17": {"1": 3.478157145669684, "2": 13.415826473385096, "4": 45.31268571317196, "8": 108.53060252591968, "16": 175.49578923732042}}