{"17": {"1": 0.6792554447019938, "2": 2.9839614203665406, "4": 12.645195424091071, "8": 42.54529974772595, "16": 100.91184294968843}}