{"19": {"1": 0.17232627447810955, "2": 0.90907079486351, "4": 4.676127635757439, "8": 19.736928014201112, "16": 56.03440031595528}}