{"14": {"1": 0.8152246921672486, "2": 2.596333872061223, "4": 8.680271938210353, "8": 27.36845925776288, "16": 69.5836351821199}}