{"17": {"1": 0.30957339773885906, "2": 1.3518212606431916, "4": 5.967433869140223, "8": 22.71362379193306, "16": 60.736110096098855}}