{"13": {"1": 1.075304166181013, "2": 3.0761638982221484, "4": 9.797949820524082, "8": 29.856366922613233, "16": 71.1399743934162}}