{"19": {"1": 0.695671530571417, "2": 3.4372552395798266, "4": 15.725191857665777, "8": 52.25293676555157, "16": 114.05992442462593}}