{"15": {"1": 0.4874228922999464, "2": 1.6760410101851448, "4": 6.228447200497612, "8": 20.931311837397516, "16": 56.67481516546104}}