{"20": {"1": 1.6158059022563975, "2": 7.780106808291748, "4": 32.12305371463299, "8": 90.35544058308005, "16": 161.03568081185222}}