{"17": {"1": 0.23618511983659118, "2": 0.95330543408636, "4": 4.12524875800591, "8": 15.613737142994069, "16": 44.12596169556491}}