{"18": {"1": 0.17930976991192438, "2": 0.8185537936515175, "4": 3.859013378212694, "8": 16.33180844108574, "16": 48.01728453999385}}