{"18": {"1": 0.1161005631001899, "2": 0.4925078050873708, "4": 2.236321509582922, "8": 8.98441130889114, "16": 29.10231060028309}}