{"14": {"1": 2.328272095415741, "2": 7.969944967888296, "4": 25.65126835834235, "8": 67.35595890507102, "16": 132.88514321483672}}