{"18": {"1": 0.27170962578384206, "2": 1.3038483033305965, "4": 6.171355953789316, "8": 24.770664206240326, "16": 68.41457298921887}}