{"17": {"1": 0.18795829890586901, "2": 0.745198070857441, "4": 3.137241642543813, "8": 11.971563676779624, "16": 35.47443084514089}}