{"18": {"1": 0.09596830463124206, "2": 0.3906106813810766, "4": 1.720136814052239, "8": 6.8158887734171, "16": 21.37640742244548}}