{"13": {"1": 1.4799039874924347, "2": 4.4598101146984845, "4": 14.458947526756674, "8": 42.01896411902271, "16": 91.40215911436826}}