{"12": {"1": 16.5293259145692, "2": 41.40914658084512, "4": 93.52601028978825, "8": 166.14078083634377, "16": 218.214077308774}}