{"20": {"1": 0.044788333270844305, "2": 0.21431759058032185, "4": 1.0870517071743961, "8": 4.912915696586424, "16": 17.394865474088874}}