{"13": {"1": 1.764173673815094, "2": 5.417988032568246, "4": 17.389214304741472, "8": 49.89145186310634, "16": 108.82553252694197}}