{"15": {"1": 0.9193333789007738, "2": 3.3812574439216405, "4": 12.902800003066659, "8": 40.91154106007889, "16": 92.2037118030712}}