{"19": {"1": 0.12618071323959157, "2": 0.636374294757843, "4": 3.1616060519008897, "8": 13.744798984989757, "16": 41.41000754147535}}