{"18": {"1": 0.44365808364818804, "2": 2.152826059871586, "4": 10.160599362803623, "8": 36.9067619391717, "16": 89.60661651100963}}