{"17": {"1": 4.255387928104028, "2": 16.13434972986579, "4": 51.4775128653273, "8": 118.9163937754929, "16": 186.63346795737743}}