{"20": {"1": 0.11475484216498444, "2": 0.6318380651500775, "4": 3.4984155602869578, "8": 15.723233307206101, "16": 48.53389144130051}}