{"18": {"1": 0.15622719838574994, "2": 0.7099904525675811, "4": 3.3138738771667704, "8": 13.219656819972442, "16": 38.72631573986655}}