{"16": {"1": 5.435065847355872, "2": 18.592060814611614, "4": 55.67265191115439, "8": 123.63583789765835, "16": 190.94664759933949}}