{"17": {"1": 1.1664455156424083, "2": 5.107533892034553, "4": 20.193345650099218, "8": 60.59035593178123, "16": 125.0913297785446}}