{"19": {"1": 0.06825664683128707, "2": 0.31342243480321486, "4": 1.53510319738416, "8": 6.615334789006738, "16": 21.67415387617075}}