{"12": {"1": 2.861979986773804, "2": 8.332927255425602, "4": 24.62979236524552, "8": 63.61721100658178, "16": 123.11703342571855}}