{"15": {"1": 0.6041268383560237, "2": 2.146774515742436, "4": 8.037311663618311, "8": 26.776508516981266, "16": 65.53647224116139}}