{"14": {"1": 0.7721124730887823, "2": 2.5023573777871206, "4": 8.68701688782312, "8": 27.18633776344359, "16": 65.57995728240348}}