{"15": {"1": 2.7298583915107884, "2": 9.938085419591516, "4": 32.715576784685254, "8": 83.87798193842173, "16": 152.08539485931396}}