{"18": {"1": 0.09406999234488467, "2": 0.3792756373004522, "4": 1.67886776762316, "8": 7.119381317213993, "16": 23.702374325068376}}