{"16": {"1": 2.026250970666297, "2": 7.534390087006614, "4": 26.354522227309644, "8": 73.75425015948713, "16": 141.78949696198106}}