{"17": {"1": 0.1544693398900563, "2": 0.5847127506276593, "4": 2.411467320169322, "8": 9.082102935994044, "16": 28.087331002141582}}