{"17": {"1": 4.246063562633935, "2": 15.577043159864843, "4": 50.57362364791334, "8": 117.03330663777888, "16": 184.08425591886044}}