{"16": {"1": 0.306705058173975, "2": 1.1375615161377937, "4": 4.621294696815312, "8": 16.826800904702395, "16": 46.668356427690014}}