{"19": {"1": 0.16788733503199182, "2": 0.8624204876832664, "4": 4.498780747642741, "8": 19.394781740847975, "16": 56.65915702888742}}