{"19": {"1": 0.6546338094922248, "2": 3.3250249070115387, "4": 15.059208484366536, "8": 51.384069446939975, "16": 115.30985443294048}}