{"13": {"1": 1.7858371743932366, "2": 5.525401216931641, "4": 17.727029003202915, "8": 49.68378745112568, "16": 104.34326051920652}}