{"15": {"1": 0.7331177714513615, "2": 2.640860188519582, "4": 9.85409675911069, "8": 31.706731889396906, "16": 77.08980088774115}}