{"14": {"1": 1.5351557561662048, "2": 5.343187933322042, "4": 17.921721005812287, "8": 50.47478434164077, "16": 106.89142160466872}}