{"20": {"1": 0.19658253918896662, "2": 1.107382004876854, "4": 6.050717719015665, "8": 25.08442828664556, "16": 70.57639338448644}}