{"13": {"1": 1.301115045673214, "2": 3.9056772354524583, "4": 12.22886496502906, "8": 34.97710369352717, "16": 80.14584052935243}}