{"19": {"1": 1.990932493674336, "2": 8.963202259037644, "4": 34.55426304042339, "8": 91.56471846997738, "16": 161.04952071607113}}