{"13": {"1": 1.7699275888735428, "2": 5.41425117617473, "4": 17.05281807295978, "8": 47.35262328060344, "16": 99.66047743451782}}