{"15": {"1": 0.6037331155384891, "2": 2.0906544230529107, "4": 7.640636336989701, "8": 25.047433481551707, "16": 63.66332399280509}}