{"18": {"1": 3.1507200346095487, "2": 12.538870817050338, "4": 43.12032617069781, "8": 107.19315533339977, "16": 176.97627710551023}}