{"14": {"1": 0.8020321866497397, "2": 2.5303766932338476, "4": 8.672959588468075, "8": 26.442888961406425, "16": 64.66717678005807}}