{"12": {"1": 1.8217455483973026, "2": 5.152431952301413, "4": 15.641075778752565, "8": 43.831740961410105, "16": 95.622409327887}}