{"20": {"1": 0.18820074979157653, "2": 1.0637978601153009, "4": 5.892016063909978, "8": 25.563569919671863, "16": 72.0283434332814}}