{"16": {"1": 5.353078030748293, "2": 18.479046220891178, "4": 55.681696485728025, "8": 122.47406322136521, "16": 188.63042795658112}}