{"19": {"1": 0.12113345861143898, "2": 0.6173076851991937, "4": 3.1934374909033068, "8": 13.628063739393838, "16": 41.781965213420335}}