{"15": {"1": 0.9821429439471103, "2": 3.7524616210721433, "4": 14.16495567606762, "8": 42.95064199343324, "16": 93.94719554390758}}