{"17": {"1": 0.6962692668312229, "2": 3.0445157907088287, "4": 12.778749812627211, "8": 42.07966034300625, "16": 98.32729703187943}}