{"15": {"1": 1.6210425265599042, "2": 5.8958985668141395, "4": 20.832381332293153, "8": 59.475585689768195, "16": 123.37504690140486}}