{"18": {"1": 0.179858660150785, "2": 0.820876204961678, "4": 3.7552697202772833, "8": 15.228422966727521, "16": 44.38933240331244}}