{"14": {"1": 0.7138269902789034, "2": 2.231755084474571, "4": 7.592596902977675, "8": 23.32171850767918, "16": 57.83125076489523}}