{"13": {"1": 6.2496825403068215, "2": 18.625853785313666, "4": 51.61890293844044, "8": 111.85249499231577, "16": 177.59135331213474}}