{"13": {"1": 6.002702416852117, "2": 17.657772068865597, "4": 48.128758494742215, "8": 105.45937609300017, "16": 170.60446996241808}}