{"17": {"1": 3.778971559368074, "2": 13.997238688636571, "4": 45.3949096724391, "8": 107.27634695917368, "16": 173.60058994591236}}