{"19": {"1": 0.1783543496421771, "2": 0.9220220133138355, "4": 4.713960126391612, "8": 19.539087464101613, "16": 55.32007753010839}}