{"20": {"1": 0.11457149053967441, "2": 0.6359469652961707, "4": 3.5533979336032644, "8": 16.304638482397422, "16": 49.9332145890221}}