{"19": {"1": 0.0574490340804914, "2": 0.24716512465965934, "4": 1.1563233584456611, "8": 4.9722829114762135, "16": 17.338698714534985}}