{"15": {"1": 6.317748348228633, "2": 20.934082927182317, "4": 61.31613951921463, "8": 131.30702308565378, "16": 196.3259035050869}}