{"19": {"1": 0.12162282496137777, "2": 0.6012897621694719, "4": 3.065304875606671, "8": 13.170197875238955, "16": 41.077047836297425}}