{"20": {"1": 0.044610063545405865, "2": 0.21937451743724523, "4": 1.1449318615777884, "8": 5.167575046292768, "16": 17.91385892179096}}