{"13": {"1": 1.088786008884199, "2": 3.1499386224895716, "4": 10.002613987773657, "8": 29.612899953965098, "16": 71.10555532202125}}