{"19": {"1": 0.1756043983332347, "2": 0.9217153566132765, "4": 4.725791410775855, "8": 19.27232444868423, "16": 56.374307366495486}}