{"13": {"1": 13.57326063606888, "2": 35.715329525992274, "4": 84.86584438383579, "8": 154.65442487597466, "16": 209.3647372573614}}