{"17": {"1": 0.16056313994340599, "2": 0.6232861009484623, "4": 2.700681617250666, "8": 10.469551387635875, "16": 31.490754684316926}}