{"15": {"1": 0.4112191785534378, "2": 1.3580531908664852, "4": 4.937241813633591, "8": 16.96863981115166, "16": 46.4218289940618}}