{"12": {"1": 7.284390575718135, "2": 20.458437458612025, "4": 53.354109171777964, "8": 114.33199771493673, "16": 178.55747962743044}}