{"16": {"1": 0.6356623043539003, "2": 2.5923423643689603, "4": 10.448880505748093, "8": 35.162845451850444, "16": 85.72347831912339}}