{"20": {"1": 0.5032540616884944, "2": 2.7423518980504014, "4": 13.52693559951149, "8": 48.03756504971534, "16": 107.62628577742726}}