{"14": {"1": 2.6374132753699087, "2": 8.686982252867892, "4": 27.429065260104835, "8": 71.10329877585173, "16": 134.69862538203597}}