{"14": {"1": 0.7991689030313864, "2": 2.6226781653240323, "4": 9.076586896553636, "8": 28.01323641370982, "16": 70.3886591992341}}