{"15": {"1": 0.5935629153100308, "2": 2.097091477829963, "4": 7.57377600716427, "8": 24.68972324859351, "16": 63.25904229097068}}