{"12": {"1": 16.31590177025646, "2": 40.88128897175193, "4": 93.00244051963091, "8": 164.61735020577908, "16": 219.0802461206913}}