{"17": {"1": 0.22997269651386887, "2": 0.9386560830753297, "4": 3.9553030995302834, "8": 15.126539949851576, "16": 43.539733948302455}}