{"19": {"1": 0.0726875781401759, "2": 0.3245746770699043, "4": 1.5925222774967551, "8": 6.84918264488806, "16": 22.155942564975703}}