{"19": {"1": 0.08155628506938228, "2": 0.38070920704922173, "4": 1.8532775448693428, "8": 8.024036112008616, "16": 25.89196867213468}}