{"14": {"1": 1.6300825141370296, "2": 5.606288631912321, "4": 19.040019287727773, "8": 54.58255788870156, "16": 113.47358894720674}}