{"12": {"1": 2.320854102843441, "2": 6.650763634592295, "4": 19.76596686989069, "8": 52.635163243394345, "16": 106.7004610192962}}