{"14": {"1": 2.43452771299053, "2": 8.281736140605062, "4": 26.67939488310367, "8": 70.14861479774117, "16": 135.3279811143875}}