{"12": {"1": 1.8116315046790987, "2": 4.905995561275631, "4": 14.387203019112349, "8": 40.010798503644764, "16": 86.32853375934064}}