{"14": {"1": 1.1470631217234768, "2": 3.8971722996793687, "4": 13.364193160552531, "8": 41.183105170726776, "16": 92.99167836457491}}