{"15": {"1": 0.9940470696310513, "2": 3.7454747499432415, "4": 13.80353108025156, "8": 42.864174358546734, "16": 97.12884193239734}}