{"16": {"1": 0.3125263824767899, "2": 1.1456418383750133, "4": 4.5036916913231835, "8": 15.948133637721185, "16": 43.7937739508925}}