{"19": {"1": 0.05943424420183874, "2": 0.2588732761068968, "4": 1.2253384744981304, "8": 5.2575752210614155, "16": 18.0667862657574}}