{"20": {"1": 0.11275925969675882, "2": 0.6507550435781013, "4": 3.6950532971532084, "8": 16.902690617367625, "16": 51.68138720910065}}