{"19": {"1": 0.3344873478927184, "2": 1.729083072656067, "4": 8.425583084812388, "8": 32.67146002477966, "16": 85.66801469773054}}