{"14": {"1": 0.6995993941673078, "2": 2.190775329247117, "4": 7.486705501563847, "8": 23.469727128045633, "16": 59.48222721781349}}