{"15": {"1": 0.49453394222655334, "2": 1.7311029337579384, "4": 6.319521263008937, "8": 21.383096179924905, "16": 55.69637501775287}}