{"15": {"1": 0.5659597874619067, "2": 2.0155419571092352, "4": 7.428933843737468, "8": 24.912322359581594, "16": 64.00070863543078}}