{"16": {"1": 0.39601740226498805, "2": 1.5102140617673285, "4": 6.099457730073482, "8": 21.94250182947144, "16": 58.939810873009264}}