{"19": {"1": 0.09040587514755316, "2": 0.4261257496837061, "4": 2.0909066207241267, "8": 9.380058119480964, "16": 29.715209347894415}}