{"17": {"1": 0.17723556704004295, "2": 0.6989352956297807, "4": 2.92422645050101, "8": 11.088425452937372, "16": 33.56937845877155}}