{"14": {"1": 0.6637117454665713, "2": 2.066182573325932, "4": 7.002039096318185, "8": 21.929260408040136, "16": 54.31277345628769}}