{"12": {"1": 4.930978850461543, "2": 14.114333330653608, "4": 38.95780852716416, "8": 91.05818920210004, "16": 158.0811643153429}}