{"15": {"1": 2.9065033811493777, "2": 10.260390555020422, "4": 33.454680849798024, "8": 85.01343278586864, "16": 152.97356996312737}}