{"16": {"1": 0.35078732421970926, "2": 1.3619126105913892, "4": 5.573631345178001, "8": 19.872954396530986, "16": 55.13401310076006}}