{"17": {"1": 0.28131434321403503, "2": 1.2024593061069027, "4": 5.255773751763627, "8": 19.7167895026505, "16": 55.211927622091025}}