{"19": {"1": 0.07025749016611371, "2": 0.3095302200963488, "4": 1.4623973614652641, "8": 6.1466174210054305, "16": 20.51936501378077}}