{"12": {"1": 7.908173414412886, "2": 22.549808797426522, "4": 58.65714616701007, "8": 121.10814690589905, "16": 185.25684838742018}}