{"15": {"1": 0.3889384183275979, "2": 1.2820879891514778, "4": 4.681056396337226, "8": 16.167835847241804, "16": 45.72034852967772}}