{"13": {"1": 1.2045152809587307, "2": 3.5655687955440953, "4": 11.354218414984643, "8": 33.726235216949135, "16": 79.26523373229429}}