{"16": {"1": 0.26204317522933707, "2": 0.9306310787796974, "4": 3.6006388406967744, "8": 13.290395167772658, "16": 39.433092377730645}}