{"13": {"1": 3.3236994285834953, "2": 10.441400520503521, "4": 31.90480125322938, "8": 79.58543071523309, "16": 145.784724842757}}