{"19": {"1": 0.28491465927800164, "2": 1.4456030200526584, "4": 7.197687513311394, "8": 29.326059040613472, "16": 78.22160566737875}}