{"20": {"1": 0.03778456206418923, "2": 0.17418550315778702, "4": 0.8713757218501996, "8": 3.9879623289452866, "16": 14.444161748408078}}