{"17": {"1": 1.3098853720875923, "2": 5.607497990713455, "4": 22.107106992974877, "8": 65.48454445321113, "16": 131.3063929756172}}