{"16": {"1": 1.8010836298926733, "2": 7.159485473413952, "4": 26.286045546643436, "8": 74.04852228425443, "16": 141.72496666014194}}