{"20": {"1": 0.07791738158994121, "2": 0.4253392031241674, "4": 2.379286674782634, "8": 11.111922987853177, "16": 36.036015309393406}}