{"19": {"1": 2.1762970910058357, "2": 9.543941034469754, "4": 35.74772058241069, "8": 94.5783825032413, "16": 165.0534841120243}}