{"17": {"1": 0.22651795220735949, "2": 0.9281169929017778, "4": 4.074466272431891, "8": 15.949086536245886, "16": 45.55955343639653}}