{"19": {"1": 0.33491798764589475, "2": 1.7304131335113198, "4": 8.321962022571824, "8": 31.49674605159089, "16": 82.14775204448961}}