{"20": {"1": 0.04172400010065758, "2": 0.19956637601717375, "4": 1.016711797361495, "8": 4.633207219441829, "16": 16.54978777874203}}