{"13": {"1": 2.4228798440890387, "2": 7.655446798540652, "4": 23.60083102621138, "8": 60.140731770545244, "16": 117.68321190122515}}