{"14": {"1": 4.234778209822252, "2": 13.66665906086564, "4": 40.93265729956329, "8": 97.24196050688624, "16": 165.93599598109722}}