{"12": {"1": 1.7816063213394955, "2": 4.931737499777228, "4": 14.655641003046185, "8": 40.119859959435416, "16": 89.10979059152305}}