{"18": {"1": 0.186743883867166, "2": 0.8766781458980404, "4": 4.141005257377401, "8": 16.46079133078456, "16": 47.76438477030024}}