{"16": {"1": 1.1107234525261447, "2": 4.369600743171759, "4": 16.556671760976315, "8": 50.386872585862875, "16": 109.93343630060554}}