{"15": {"1": 0.4159587391768582, "2": 1.3876698795938864, "4": 4.983093401649967, "8": 16.506212256324943, "16": 44.130289715729305}}