{"15": {"1": 7.541630112333223, "2": 22.944442794658244, "4": 63.01919261738658, "8": 131.33154940605164, "16": 195.4320201203227}}