{"15": {"1": 0.7333228156203404, "2": 2.636645459861029, "4": 9.73039067350328, "8": 31.757526281755418, "16": 79.8789411227699}}