{"19": {"1": 0.19364697058335878, "2": 1.033991744800005, "4": 5.321690987679176, "8": 21.838026743382215, "16": 62.972262570634484}}