{"16": {"1": 5.818016124190763, "2": 19.519988665357232, "4": 57.22615959867835, "8": 125.8628886565566, "16": 194.24253576248884}}