{"15": {"1": 7.052427716553211, "2": 22.60645025782287, "4": 63.27668384090066, "8": 132.14394921064377, "16": 195.3462953865528}}