{"18": {"1": 0.09416759482701309, "2": 0.3857020382711198, "4": 1.7021790229482576, "8": 6.56099099596031, "16": 20.69421370056807}}