{"12": {"1": 2.468635642901063, "2": 6.926869110669941, "4": 20.137315841391683, "8": 52.18876898474991, "16": 104.99276877264492}}