{"12": {"1": 14.743462035432458, "2": 37.62161445431411, "4": 87.24837397038937, "8": 156.78115020692348, "16": 211.2799495011568}}