{"15": {"1": 1.5985121658304706, "2": 5.885043617337942, "4": 21.088762412779033, "8": 61.1049278518185, "16": 125.52934687584639}}