{"13": {"1": 3.0499901571311057, "2": 9.523131087422371, "4": 29.714230223558843, "8": 77.18796361796558, "16": 143.67048761621118}}