{"18": {"1": 0.9727995475404896, "2": 4.472062185406685, "4": 19.003107422962785, "8": 60.17510473355651, "16": 126.6374740973115}}