{"20": {"1": 0.11620265667443164, "2": 0.6701848303055158, "4": 3.6339669789304025, "8": 15.613960528455209, "16": 47.058091437182156}}