{"18": {"1": 0.09170199762593256, "2": 0.3642612065013964, "4": 1.57469883892918, "8": 6.410774391377345, "16": 20.59104521048721}}