{"20": {"1": 0.04720764426747337, "2": 0.22563625710608903, "4": 1.1625381423800718, "8": 5.214106172701577, "16": 18.259227276052115}}