{"17": {"1": 0.40550282390904613, "2": 1.7959431801573373, "4": 7.708119268878363, "8": 28.139494441449642, "16": 72.6662101248512}}