{"18": {"1": 0.191204476999701, "2": 0.8779740822501481, "4": 4.070566869631875, "8": 16.61840507562738, "16": 49.58498342265375}}