{"18": {"1": 0.18015814562386367, "2": 0.8351369932934176, "4": 3.941035974305123, "8": 16.240500135114416, "16": 48.4977606178727}}