{"12": {"1": 4.900035545695573, "2": 14.176026307977736, "4": 39.5595435090363, "8": 91.49222621321678, "16": 158.1324016675353}}