{"15": {"1": 0.9900589683675207, "2": 3.6888274418306537, "4": 13.674423358868808, "8": 41.86673597805202, "16": 93.23880515433848}}