{"12": {"1": 3.456296702148393, "2": 10.109665520954877, "4": 29.196706530172378, "8": 72.93808080369945, "16": 135.60217706020921}}