{"15": {"1": 2.7814798731706105, "2": 10.106917361263186, "4": 33.71879784576595, "8": 85.89642094448209, "16": 155.00848130136728}}