{"13": {"1": 11.65710704214871, "2": 32.42524501681328, "4": 79.6222272887826, "8": 152.3152141571045, "16": 213.05944377183914}}