{"18": {"1": 0.09486987254786072, "2": 0.39012402668595314, "4": 1.7392458752146922, "8": 7.113606410974171, "16": 23.644169293926097}}