{"15": {"1": 7.164985076291487, "2": 22.811342711560428, "4": 63.76449836790562, "8": 133.0896194651723, "16": 196.72507764399052}}