{"14": {"1": 0.66866176831536, "2": 2.1270818331977352, "4": 7.2417041243752465, "8": 23.072673635091633, "16": 56.81546173105016}}