{"16": {"1": 0.2916398906381801, "2": 1.0710277998587117, "4": 4.223976045148447, "8": 15.198577811708674, "16": 43.06427696195897}}