{"20": {"1": 0.044167602609377354, "2": 0.21042334867524914, "4": 1.0987352618394652, "8": 5.346842038736213, "16": 19.57936554817934}}