{"18": {"1": 0.1151735102175735, "2": 0.48990999805391766, "4": 2.2730043378542177, "8": 9.618069461081177, "16": 30.424495489976835}}