{"16": {"1": 0.28282727315672673, "2": 1.0503220817190595, "4": 4.176679038093425, "8": 15.622081425855868, "16": 45.77334271982545}}