{"15": {"1": 0.39061236329143867, "2": 1.3053679608274251, "4": 4.784515339648351, "8": 16.220584279624745, "16": 44.03842879016884}}