{"15": {"1": 0.7705166557279881, "2": 2.820018011261709, "4": 10.317635631421581, "8": 33.09812430063903, "16": 79.33793619461358}}