{"17": {"1": 0.6913277203275356, "2": 3.0109698936576024, "4": 12.806639565620571, "8": 44.16075125365751, "16": 100.73882018215954}}