{"14": {"1": 4.27605272596702, "2": 13.923191353678703, "4": 41.49058221280575, "8": 98.59644385054708, "16": 166.4662657380104}}