{"16": {"1": 0.3045709081925452, "2": 1.1336459403391927, "4": 4.46878889517393, "8": 15.96249308832921, "16": 44.20764347728618}}