{"16": {"1": 0.36067554692272097, "2": 1.4128008522675373, "4": 5.677127914270386, "8": 19.76017629256239, "16": 50.386014775256626}}