{"14": {"1": 0.6388751870254055, "2": 2.027403192827478, "4": 6.9958964320831, "8": 22.464392561698332, "16": 58.29434982303064}}