{"20": {"1": 0.11579555136268027, "2": 0.648631543488591, "4": 3.6430641390033998, "8": 16.32474385527894, "16": 47.50692938407883}}