{"19": {"1": 0.7102592814044328, "2": 3.5407133836997673, "4": 15.916118273045868, "8": 52.242936216294765, "16": 112.9124060748145}}