{"14": {"1": 9.909397912677377, "2": 29.152647126466036, "4": 75.20115951821208, "8": 146.75780022144318, "16": 206.1619502902031}}