{"18": {"1": 0.1062514736695448, "2": 0.4518530095811002, "4": 2.0551795072387904, "8": 8.595741278957576, "16": 28.514843144337647}}