{"19": {"1": 0.11287779246777063, "2": 0.5681142928369809, "4": 2.9297980485280277, "8": 13.162564513972029, "16": 42.26119283764274}}