{"18": {"1": 0.2747492809285177, "2": 1.3256715081224684, "4": 6.281820476986468, "8": 24.66761087672785, "16": 66.01524459687062}}