{"13": {"1": 10.321971537545323, "2": 29.57103314064443, "4": 76.16463294997811, "8": 147.66023027151823, "16": 207.16408351063728}}