{"13": {"1": 1.5384791194228455, "2": 4.691896740812808, "4": 15.236556134652346, "8": 44.4423035425134, "16": 96.73973467294127}}