{"16": {"1": 0.2936573729675729, "2": 1.0670313337468542, "4": 4.067454142845236, "8": 14.325572731642751, "16": 41.243611597819836}}