{"19": {"1": 2.0562916874187067, "2": 9.640774575760588, "4": 37.81629296950996, "8": 99.74162177741528, "16": 167.73042187094688}}