{"15": {"1": 3.0438431093352847, "2": 10.705043032765388, "4": 34.81552152894437, "8": 89.01139296218753, "16": 160.02061001211405}}