{"18": {"1": 0.268481798178982, "2": 1.2956889736815356, "4": 6.240007703891024, "8": 24.60416007670574, "16": 66.94144669175148}}