{"17": {"1": 0.1825897826201981, "2": 0.7342052955063991, "4": 3.1660735539044254, "8": 12.30529502290301, "16": 36.82214064884465}}