{"17": {"1": 0.23355522824567743, "2": 0.9474738324061036, "4": 4.011703563970514, "8": 15.139219902688637, "16": 43.06351753935451}}