{"19": {"1": 0.07551734593653237, "2": 0.3426314572279807, "4": 1.5948413200385403, "8": 6.878734883037396, "16": 23.61321103622322}}