{"14": {"1": 1.6078846250893548, "2": 5.400498222792521, "4": 18.01638987241313, "8": 51.97676107249572, "16": 109.32715305220336}}