{"18": {"1": 0.9370666945178527, "2": 4.325894354376942, "4": 18.509358543436974, "8": 58.77247887151316, "16": 125.02001368254423}}