{"17": {"1": 0.18023941354476847, "2": 0.7182789976068307, "4": 3.0068365382030606, "8": 11.246826183865778, "16": 33.553226965334034}}