{"15": {"1": 0.9607315410394222, "2": 3.578755601425655, "4": 12.821005679666996, "8": 40.07977776136249, "16": 94.78744244389236}}