{"19": {"1": 0.763604671927169, "2": 3.791950205224566, "4": 17.13233146816492, "8": 55.47523602005094, "16": 118.60935362242162}}