{"19": {"1": 0.6790018530446105, "2": 3.46182127087377, "4": 15.711922907270491, "8": 52.58977974392474, "16": 117.2868459559977}}