{"17": {"1": 0.42032454992295243, "2": 1.8714630919857882, "4": 8.21108955447562, "8": 29.542428334942088, "16": 75.07873682677746}}