{"16": {"1": 0.26462128973798826, "2": 0.9515863404376432, "4": 3.7727511794073507, "8": 13.654356766142882, "16": 39.48831449588761}}