{"13": {"1": 1.87279203068465, "2": 5.87013149401173, "4": 18.279836241155863, "8": 50.76690458878875, "16": 106.09871252207085}}