{"17": {"1": 1.4601207769592293, "2": 6.060996591346338, "4": 23.288365865591913, "8": 68.89408050663769, "16": 138.10354085452855}}