{"14": {"1": 1.1593925599008799, "2": 3.9067860818468034, "4": 13.364011622034013, "8": 40.4035421628505, "16": 92.12842600152362}}