{"17": {"1": 0.188116681703832, "2": 0.7358808174321894, "4": 3.064765696763061, "8": 11.892904236359755, "16": 34.84341389340261}}