{"19": {"1": 0.6853189062967431, "2": 3.4617171784630045, "4": 16.00740319630131, "8": 54.26137465052307, "16": 119.82385535724461}}