{"13": {"1": 12.574359981808811, "2": 33.49355320818722, "4": 79.95322804525495, "8": 147.33839336037636, "16": 205.31571194529533}}