{"16": {"1": 0.3562822608218994, "2": 1.3155555658740923, "4": 5.287799375306349, "8": 19.00160082965158, "16": 50.735638610552996}}