{"18": {"1": 0.9611653489992023, "2": 4.416243662242778, "4": 18.498087471351027, "8": 58.78603335469961, "16": 122.72201545536518}}