{"14": {"1": 0.794110017188359, "2": 2.5243762822356075, "4": 8.614709773333743, "8": 27.42244781088084, "16": 66.01389369632761}}