{"13": {"1": 1.1236414520535618, "2": 3.3213635802967474, "4": 10.513151936233044, "8": 30.419123628205853, "16": 71.68665441079065}}