{"16": {"1": 1.9899807393667288, "2": 7.7551580453291535, "4": 27.26535525172949, "8": 73.9904173053801, "16": 143.61618742719293}}