{"12": {"1": 3.7248414617497474, "2": 10.809178804047406, "4": 31.510948066599667, "8": 78.20250925049186, "16": 145.3115574202966}}