{"18": {"1": 0.11601293794228695, "2": 0.5041613981302362, "4": 2.3472096864134073, "8": 9.54036328280199, "16": 29.461847723141545}}