{"17": {"1": 1.357750344555825, "2": 5.698635778971948, "4": 21.972892242483795, "8": 66.05244819633663, "16": 134.6195667721331}}