{"16": {"1": 5.270233833172824, "2": 18.63023166777566, "4": 56.03651807270944, "8": 123.83912545070052, "16": 190.01020646095276}}