{"14": {"1": 1.5301966841798276, "2": 5.232663969043642, "4": 17.55465896707028, "8": 50.653716027736664, "16": 106.77817507646978}}