{"18": {"1": 1.096871584042674, "2": 4.911934494273737, "4": 20.291466789785773, "8": 63.6335286591202, "16": 130.9041591770947}}