{"16": {"1": 0.9652618776890449, "2": 3.9224107373156585, "4": 15.007811551447958, "8": 46.33282252540812, "16": 100.78808587836102}}