{"18": {"1": 0.43705668856273405, "2": 2.091926616500132, "4": 9.616624993854202, "8": 35.08600147732068, "16": 85.78561903024092}}