{"17": {"1": 3.999359802925028, "2": 15.370365786366165, "4": 49.943266320973635, "8": 116.27498216927052, "16": 181.6352315172553}}