{"15": {"1": 1.543887423875276, "2": 5.73113493132405, "4": 20.52415584260598, "8": 58.91335733374581, "16": 122.09896004758775}}