{"16": {"1": 0.4778779785556253, "2": 1.9153964158613235, "4": 7.776738733169623, "8": 27.794812448788434, "16": 71.47530776821077}}