{"14": {"1": 1.521473909378983, "2": 5.380450853612274, "4": 18.62788791488856, "8": 52.327322360128164, "16": 106.03194951731712}}