{"16": {"1": 0.4583449400961399, "2": 1.8322415156289935, "4": 7.289772613323294, "8": 25.416654822183773, "16": 63.33168677147478}}