{"15": {"1": 2.587821551016532, "2": 9.422484168317169, "4": 31.737476989626884, "8": 83.14144794270396, "16": 152.90962619706988}}