{"15": {"1": 3.3164632191183046, "2": 11.44451146479696, "4": 36.31441466324031, "8": 90.01778698712587, "16": 158.2993734627962}}