{"15": {"1": 7.386669041356072, "2": 23.653802655637264, "4": 65.66392177343369, "8": 134.95933087915182, "16": 198.30299070477486}}