{"14": {"1": 0.904866749770008, "2": 2.9380299956537783, "4": 10.163445910206065, "8": 31.54709827096667, "16": 75.1892757571768}}