{"20": {"1": 0.04465469150818535, "2": 0.22020638574031182, "4": 1.1614870106132003, "8": 5.356418980285525, "16": 19.329375126835657}}