{"20": {"1": 0.04468971417736611, "2": 0.21700539728044532, "4": 1.1208675146481255, "8": 5.176838550774846, "16": 18.637676987447776}}