{"14": {"1": 10.104348193854094, "2": 29.07591067813337, "4": 73.6402182765305, "8": 141.39849396795034, "16": 201.21337474882603}}