{"15": {"1": 1.6247430851799436, "2": 5.783485625172034, "4": 19.72242187196389, "8": 55.947312959469855, "16": 115.67800651490688}}