{"19": {"1": 0.13099467479332816, "2": 0.6695555223850533, "4": 3.4227321016369388, "8": 14.730294747045264, "16": 45.36812452808954}}