{"20": {"1": 0.03452031464985339, "2": 0.1588773465336999, "4": 0.8001728528761305, "8": 3.61165418184828, "16": 13.045213655992484}}