{"13": {"1": 1.134082744596526, "2": 3.3679347350262105, "4": 10.565300786402076, "8": 30.295117551693693, "16": 72.11741424212232}}