{"13": {"1": 2.528635471360758, "2": 7.951429234817624, "4": 24.703630845993757, "8": 64.15889220219105, "16": 125.78973318263888}}