{"19": {"1": 0.2937706548545975, "2": 1.55466412572423, "4": 7.815817984519526, "8": 30.622939377091825, "16": 81.35064990352839}}