{"12": {"1": 17.137725617736578, "2": 42.02825719490647, "4": 93.15356972813606, "8": 161.56393010914326, "16": 214.42552289366722}}