{"20": {"1": 0.124764588810649, "2": 0.7115088534919778, "4": 4.014974415942561, "8": 17.709742261562496, "16": 52.73236042074859}}