{"20": {"1": 1.5498804686649237, "2": 7.693427388789132, "4": 31.945538616739213, "8": 89.8087967671454, "16": 162.1873061284423}}