{"14": {"1": 4.026431210455485, "2": 13.23158924933523, "4": 39.75432900339365, "8": 94.95930172689259, "16": 163.79348487593234}}