{"20": {"1": 0.03567457124154316, "2": 0.16902083782770205, "4": 0.8490993419691222, "8": 3.84242707217345, "16": 13.967841950012371}}