{"19": {"1": 0.112195855450409, "2": 0.5625345772132277, "4": 2.8171688005095348, "8": 12.603332586353645, "16": 40.14010121487081}}