{"16": {"1": 1.1307739923940971, "2": 4.4197186345700175, "4": 16.675513714086264, "8": 50.87708999309689, "16": 110.15411027241498}}