{"19": {"1": 0.3145298460149206, "2": 1.625738759554224, "4": 8.214808367192745, "8": 32.47201743070036, "16": 84.90076544787735}}