{"18": {"1": 0.43513210720266216, "2": 2.1118620585184544, "4": 9.744028142653406, "8": 34.70533438026905, "16": 87.14161332213553}}