{"14": {"1": 10.186949911760166, "2": 28.836708295159042, "4": 73.88998735696077, "8": 145.75676253437996, "16": 206.90572039783}}