{"13": {"1": 2.2689118310809135, "2": 7.164050833787769, "4": 22.93977211229503, "8": 62.164177088066936, "16": 125.20941686164588}}