{"12": {"1": 1.744409991428256, "2": 4.764212960842997, "4": 13.811138854827732, "8": 37.21037703193724, "16": 81.79650283651426}}