{"17": {"1": 0.1665642228181241, "2": 0.6391980853804853, "4": 2.625060542486608, "8": 9.913755214074627, "16": 30.733087941422127}}