{"16": {"1": 0.2525485494406894, "2": 0.8908583585289307, "4": 3.5445220078108832, "8": 12.960266712500015, "16": 37.4140373544069}}