{"20": {"1": 1.521490889659617, "2": 7.385255696484819, "4": 30.652356353588402, "8": 87.36558366939425, "16": 158.0165268369019}}