{"13": {"1": 1.095477806753479, "2": 3.1565996177960187, "4": 9.96408443665132, "8": 29.570642175152898, "16": 71.4070230073994}}