{"17": {"1": 0.2796586887561716, "2": 1.1966533493832685, "4": 5.152846395969391, "8": 19.563887344207615, "16": 54.808422713540494}}