{"17": {"1": 0.2930631713679759, "2": 1.2556749361829134, "4": 5.512764597136993, "8": 20.38518042396754, "16": 56.269908261077944}}