{"17": {"1": 0.2885957307298668, "2": 1.265689076448325, "4": 5.586111341021024, "8": 21.509158597153146, "16": 58.85012251022272}}