{"13": {"1": 14.03327794186771, "2": 35.97723529487848, "4": 84.26367733627558, "8": 154.77352241426706, "16": 210.94316255673766}}