{"18": {"1": 2.8317241225158796, "2": 11.752307328395545, "4": 41.5362002402544, "8": 103.74701960384846, "16": 173.17237892746925}}