{"13": {"1": 13.79686903534457, "2": 36.057750502601266, "4": 85.01432976871729, "8": 156.32613929361105, "16": 211.44766545295715}}