{"19": {"1": 0.09906280584255, "2": 0.4737283662543632, "4": 2.3735271880286746, "8": 10.380571846471867, "16": 32.00383795113885}}