{"14": {"1": 0.9391323151066899, "2": 3.0754060787148774, "4": 10.25643901526928, "8": 31.487935362383723, "16": 75.52715753950179}}