{"16": {"1": 0.2943758690089453, "2": 1.0555485637742095, "4": 4.016016289358959, "8": 13.822228679084219, "16": 38.877117112395354}}