{"15": {"1": 0.9476216351031326, "2": 3.5121225767070428, "4": 13.100572453578934, "8": 40.55497076222673, "16": 90.35642068460584}}