{"15": {"1": 0.48737122071906924, "2": 1.6376129518030211, "4": 5.933963188668713, "8": 20.143411172088236, "16": 54.58000528020784}}