{"20": {"1": 0.057141056189720985, "2": 0.29584469116525725, "4": 1.5950163465749938, "8": 7.3663747941172915, "16": 23.96773294720333}}