{"18": {"1": 0.1724167175416369, "2": 0.8067117629980203, "4": 3.8753220412763767, "8": 15.856642180704512, "16": 46.11561411223374}}