{"20": {"1": 0.19382115590269677, "2": 1.0951654077507555, "4": 5.989043776760809, "8": 25.34572880109772, "16": 71.04200639203191}}