{"12": {"1": 0.005663965009327512, "2": 0.016110116937546992, "4": 0.047392316383309666, "8": 0.12955711629998404, "16": 0.2895323381918715}, "13": {"1": 0.003642761912604328, "2": 0.011072542423382402, "4": 0.03519029043079354, "8": 0.10062992031819885, "16": 0.23709505256754346}}