{"1": [-0.4679102599344801, 0.4414727102009477], "2": [-0.3960694229908955, 0.6252270406326921], "4": [-0.32359399490358287, 0.8460250737521485], "8": [-0.2550374119157868, 1.0356084744337917], "16": [-0.1932848993691168, 1.0958750587796746]}