{"13": {"1": 0.8758467031875625, "2": 2.728287500794977, "4": 8.827792667550966, "8": 25.47754323645495, "16": 59.62482507026289}}