{"17": {"1": 0.14008237268717494, "2": 0.5664258641190827, "4": 2.4424725906574167, "8": 9.737052083131857, "16": 28.95941189136647}}