{"15": {"1": 0.38165040090098046, "2": 1.333906453452073, "4": 4.924331357004121, "8": 16.558766961097717, "16": 44.09233477563248}}