{"20": {"1": 0.030658681029308354, "2": 0.15666027541738003, "4": 0.8327955719578313, "8": 4.054874406778254, "16": 15.642932363560249}}