{"12": {"1": 1.4458177267806605, "2": 4.070177202345803, "4": 11.820540457265452, "8": 32.10518309031613, "16": 69.69912025413942}}