{"19": {"1": 0.05004841523623327, "2": 0.23301649439963512, "4": 1.163781498966273, "8": 5.2393408367206575, "16": 18.500098919830634}}