{"15": {"1": 0.35528815689031035, "2": 1.2705829445039853, "4": 4.734173101373017, "8": 15.868560236063786, "16": 41.61840920576651}}