{"14": {"1": 0.5636047057923861, "2": 1.8474961309693754, "4": 6.222912070224993, "8": 19.54019833856728, "16": 48.025240062735975}}