{"15": {"1": 0.353548017621506, "2": 1.2423203292419203, "4": 4.584138136357069, "8": 15.466320693551097, "16": 42.17443151387852}}