{"19": {"1": 0.0522191399577423, "2": 0.24698135720245773, "4": 1.2223126734461403, "8": 5.538264445844106, "16": 19.95515805387913}}