{"18": {"1": 0.08798253724671667, "2": 0.3888992863649037, "4": 1.8048303608666174, "8": 7.457411294206395, "16": 24.774583111095126}}