{"18": {"1": 0.09443142863892717, "2": 0.4136056940915296, "4": 1.8835698015027447, "8": 7.812296997697558, "16": 24.49179132936115}}