{"14": {"1": 0.5881720099423546, "2": 1.921732014627196, "4": 6.557602861896157, "8": 20.296211002219934, "16": 51.85029529748135}}