{"16": {"1": 0.21669022308196872, "2": 0.8400237994501367, "4": 3.42238318384625, "8": 12.372466379776597, "16": 33.91872119147138}}