{"14": {"1": 0.5526188394869678, "2": 1.817417474812828, "4": 6.2476927830139175, "8": 19.705827134719584, "16": 49.46608116640709}}