{"13": {"1": 0.9605138893821277, "2": 2.9891686849296093, "4": 9.43109867325984, "8": 26.497840533265844, "16": 62.38089675857918}}