{"14": {"1": 0.5578114758827724, "2": 1.8515079285716638, "4": 6.345420967321843, "8": 20.547768182121217, "16": 52.281779343495145}}