{"17": {"1": 0.13522694299172144, "2": 0.5444874711392913, "4": 2.320025130000431, "8": 9.074422965175472, "16": 27.99327547388384}}